ts_s,frame,pos_x,pos_y,pos_z,rot_x,rot_y,rot_z,rot_w,tracking_state
0.043921,0,0.127258,1.185928,-0.297635,0.132257,-0.100811,-0.027617,0.985689,15
0.068310,1,0.128958,1.189435,-0.300156,0.117965,-0.096493,-0.029009,0.987893,15
0.090340,2,0.129471,1.190333,-0.300854,0.114409,-0.095176,-0.028845,0.988443,15
0.112706,3,0.129945,1.191249,-0.301465,0.111041,-0.093948,-0.028510,0.988954,15
0.135019,4,0.130369,1.192127,-0.301994,0.107543,-0.092798,-0.028374,0.989453,15
0.157109,5,0.130837,1.192845,-0.302602,0.104312,-0.091805,-0.028509,0.989888,15
0.179492,6,0.131224,1.193531,-0.303137,0.101419,-0.091037,-0.028891,0.990248,15
0.201788,7,0.131599,1.194049,-0.303673,0.099123,-0.090441,-0.029531,0.990517,15
0.225496,8,0.131980,1.194455,-0.304197,0.097602,-0.090068,-0.030305,0.990678,15
0.245330,9,0.132281,1.194802,-0.304663,0.096431,-0.089952,-0.031062,0.990780,15
0.267470,10,0.132577,1.195249,-0.305070,0.095368,-0.090130,-0.031479,0.990854,15
0.290031,11,0.132880,1.195516,-0.305409,0.094137,-0.090268,-0.031763,0.990950,15
0.312129,12,0.133106,1.195780,-0.305726,0.093115,-0.090336,-0.032408,0.991019,15
0.334612,13,0.133308,1.196168,-0.305933,0.091959,-0.090347,-0.033117,0.991103,15
0.355901,14,0.133495,1.196557,-0.306173,0.090524,-0.090386,-0.033698,0.991212,15
0.378240,15,0.133635,1.196775,-0.306400,0.089270,-0.090372,-0.034135,0.991312,15
0.400755,16,0.133754,1.197004,-0.306590,0.088421,-0.090429,-0.034517,0.991369,15
0.423413,17,0.133769,1.197379,-0.306769,0.087413,-0.090609,-0.034708,0.991436,15
0.444959,18,0.133711,1.197719,-0.306960,0.085930,-0.091213,-0.035093,0.991496,15
0.467387,19,0.133629,1.197921,-0.307201,0.084719,-0.092150,-0.035660,0.991494,15
0.491244,20,0.133494,1.198111,-0.307506,0.084062,-0.093228,-0.036111,0.991432,15
0.510810,21,0.133322,1.198368,-0.307788,0.083435,-0.094390,-0.036428,0.991364,15
0.532616,22,0.133152,1.198733,-0.308039,0.082551,-0.095544,-0.036353,0.991330,15
0.555075,23,0.132965,1.198890,-0.308347,0.081451,-0.096697,-0.036268,0.991312,15
0.577698,24,0.132733,1.199041,-0.308660,0.080787,-0.097727,-0.036290,0.991265,15
0.599637,25,0.132582,1.199208,-0.308944,0.080295,-0.098655,-0.036126,0.991219,15
0.622045,26,0.132365,1.199503,-0.309183,0.079682,-0.099499,-0.035883,0.991193,15
0.644354,27,0.132232,1.199868,-0.309412,0.078605,-0.100272,-0.035748,0.991206,15
0.666599,28,0.132178,1.200149,-0.309649,0.077220,-0.100806,-0.035670,0.991263,15
0.688802,29,0.132081,1.200309,-0.309924,0.076198,-0.101156,-0.035949,0.991297,15
0.711073,30,0.132041,1.200604,-0.310171,0.075637,-0.101393,-0.036447,0.991297,15
0.737782,31,0.132036,1.200959,-0.310390,0.074821,-0.101509,-0.036609,0.991341,15
0.755606,32,0.132076,1.201269,-0.310614,0.073751,-0.101623,-0.036755,0.991404,15
0.777746,33,0.132148,1.201509,-0.310877,0.072661,-0.101732,-0.037223,0.991456,15
0.799998,34,0.132250,1.201740,-0.311128,0.071876,-0.101760,-0.037777,0.991490,15
0.822227,35,0.132410,1.201977,-0.311320,0.071130,-0.101661,-0.038111,0.991541,15
0.844933,36,0.132606,1.202179,-0.311536,0.070425,-0.101536,-0.038453,0.991591,15
0.866889,37,0.132843,1.202440,-0.311716,0.069810,-0.101280,-0.038982,0.991640,15
0.889724,38,0.133123,1.202763,-0.311841,0.068914,-0.100845,-0.039581,0.991723,15
0.911082,39,0.133518,1.203059,-0.311934,0.067800,-0.100185,-0.040123,0.991845,15
0.933633,40,0.133967,1.203226,-0.311973,0.066788,-0.099340,-0.041089,0.991959,15
0.955666,41,0.134506,1.203377,-0.312041,0.066150,-0.098280,-0.042736,0.992038,15
0.978200,42,0.135100,1.203681,-0.312072,0.065693,-0.096848,-0.044347,0.992138,15
1.000224,43,0.135769,1.203902,-0.312057,0.064939,-0.095211,-0.045747,0.992283,15
1.045050,44,0.137217,1.204098,-0.312135,0.064065,-0.091425,-0.048678,0.992556,15
1.067010,45,0.138017,1.204171,-0.312188,0.063944,-0.089354,-0.049735,0.992700,15
1.092189,46,0.138827,1.204319,-0.312229,0.063713,-0.087221,-0.050586,0.992862,15
1.111210,47,0.139702,1.204439,-0.312245,0.063295,-0.084991,-0.051298,0.993045,15
1.133264,48,0.140563,1.204513,-0.312271,0.062913,-0.082743,-0.051994,0.993223,15
1.155523,49,0.141406,1.204599,-0.312312,0.062620,-0.080505,-0.052810,0.993383,15
1.177903,50,0.142275,1.204765,-0.312336,0.062260,-0.078344,-0.053540,0.993539,15
1.201072,51,0.143090,1.204916,-0.312319,0.061721,-0.076319,-0.054288,0.993690,15
1.222345,52,0.143883,1.205018,-0.312312,0.061207,-0.074488,-0.055148,0.993813,15
1.244666,53,0.144653,1.205055,-0.312284,0.060859,-0.072793,-0.055969,0.993914,15
1.267070,54,0.145390,1.205094,-0.312268,0.060783,-0.071144,-0.057036,0.993977,15
1.290118,55,0.146085,1.205142,-0.312208,0.060808,-0.069679,-0.058043,0.994021,15
1.311279,56,0.146735,1.205137,-0.312122,0.060692,-0.068208,-0.058979,0.994075,15
1.333570,57,0.147361,1.205171,-0.312017,0.060582,-0.066825,-0.060067,0.994111,15
1.355878,58,0.147901,1.205119,-0.311976,0.060555,-0.065500,-0.061233,0.994130,15
1.378121,59,0.148367,1.205086,-0.311925,0.060489,-0.064241,-0.062440,0.994141,15
1.401925,60,0.148826,1.205061,-0.311865,0.060419,-0.063086,-0.063551,0.994148,15
1.422553,61,0.149223,1.205044,-0.311820,0.060257,-0.061961,-0.064562,0.994164,15
1.444636,62,0.149580,1.204993,-0.311783,0.060091,-0.060862,-0.065514,0.994180,15
1.466849,63,0.149926,1.204973,-0.311781,0.059995,-0.059971,-0.066425,0.994179,15
1.490066,64,0.150203,1.204912,-0.311779,0.059954,-0.059215,-0.067067,0.994184,15
1.514454,65,0.150459,1.204842,-0.311750,0.059771,-0.058561,-0.067576,0.994199,15
1.533149,66,0.150717,1.204765,-0.311750,0.059655,-0.058040,-0.068222,0.994192,15
1.555495,67,0.150886,1.204621,-0.311811,0.059784,-0.057541,-0.069108,0.994152,15
1.578302,68,0.151062,1.204642,-0.311826,0.060083,-0.057138,-0.069729,0.994114,15
1.600578,69,0.151196,1.204668,-0.311819,0.060053,-0.056816,-0.069817,0.994128,15
1.622433,70,0.151251,1.204498,-0.311815,0.059908,-0.056612,-0.069866,0.994145,15
1.644654,71,0.151320,1.204432,-0.311862,0.060059,-0.056574,-0.070220,0.994113,15
1.669445,72,0.151379,1.204406,-0.311885,0.060149,-0.056435,-0.070412,0.994102,15
1.688924,73,0.151391,1.204432,-0.311858,0.060079,-0.056436,-0.070414,0.994106,15
1.711354,74,0.151410,1.204363,-0.311840,0.059869,-0.056624,-0.070511,0.994101,15
1.731240,75,0.151405,1.204340,-0.311829,0.059957,-0.056858,-0.070759,0.994065,15
1.755905,76,0.151440,1.204302,-0.311821,0.060197,-0.057243,-0.071242,0.993994,15
1.778328,77,0.151453,1.204318,-0.311760,0.060322,-0.057454,-0.071439,0.993960,15
1.801078,78,0.151461,1.204253,-0.311694,0.060412,-0.057652,-0.071642,0.993929,15
1.822805,79,0.151489,1.204246,-0.311632,0.060555,-0.057887,-0.071957,0.993884,15
1.845014,80,0.151512,1.204214,-0.311556,0.060706,-0.057935,-0.072246,0.993851,15
1.867564,81,0.151475,1.204173,-0.311485,0.060959,-0.058032,-0.072295,0.993826,15
1.890381,82,0.151461,1.204115,-0.311364,0.061094,-0.058210,-0.072118,0.993820,15
1.911582,83,0.151444,1.204024,-0.311299,0.061294,-0.058476,-0.072080,0.993795,15
1.933942,84,0.151391,1.203933,-0.311236,0.061681,-0.058790,-0.072095,0.993751,15
1.956053,85,0.151332,1.203866,-0.311149,0.062087,-0.059201,-0.072054,0.993705,15
1.978784,86,0.151230,1.203845,-0.311051,0.062279,-0.059597,-0.071902,0.993680,15
2.001224,87,0.151140,1.203765,-0.310984,0.062349,-0.060010,-0.071811,0.993657,15
2.136297,88,0.150700,1.203373,-0.310675,0.063152,-0.061144,-0.071606,0.993552,15
2.168788,89,0.150498,1.203280,-0.310650,0.063212,-0.061656,-0.071473,0.993526,15
2.206382,90,0.150326,1.203162,-0.310603,0.063222,-0.062152,-0.071368,0.993502,15
2.224669,91,0.150220,1.203141,-0.310604,0.063158,-0.062587,-0.071210,0.993490,15
2.244722,92,0.150125,1.203062,-0.310617,0.063141,-0.062997,-0.071254,0.993462,15
2.263726,93,0.150068,1.203020,-0.310633,0.063304,-0.063287,-0.071338,0.993428,15
2.286972,94,0.150010,1.202985,-0.310568,0.063604,-0.063569,-0.071338,0.993390,15
2.310232,95,0.149964,1.203054,-0.310538,0.063835,-0.063930,-0.071198,0.993362,15
2.333756,96,0.149894,1.203080,-0.310505,0.063849,-0.064248,-0.071044,0.993352,15
2.356532,97,0.149861,1.203105,-0.310488,0.063662,-0.064428,-0.070888,0.993364,15
2.379375,98,0.149852,1.203069,-0.310429,0.063719,-0.064586,-0.070806,0.993356,15
2.402017,99,0.149817,1.203068,-0.310386,0.063878,-0.064731,-0.070927,0.993327,15
2.424655,100,0.149728,1.203073,-0.310361,0.063909,-0.064875,-0.071153,0.993300,15
2.447347,101,0.149733,1.203167,-0.310350,0.064154,-0.064993,-0.071561,0.993247,15
2.470279,102,0.149713,1.203331,-0.310310,0.064133,-0.065035,-0.071575,0.993244,15
2.492614,103,0.149579,1.203226,-0.310301,0.064014,-0.065059,-0.071229,0.993275,15
2.515487,104,0.149490,1.203195,-0.310347,0.064266,-0.065262,-0.071216,0.993247,15
2.537296,105,0.149402,1.203194,-0.310361,0.064451,-0.065363,-0.071120,0.993235,15
2.559511,106,0.149255,1.203165,-0.310371,0.064606,-0.065600,-0.070874,0.993227,15
2.581496,107,0.149101,1.203187,-0.310392,0.064596,-0.065867,-0.070754,0.993218,15
2.603827,108,0.148991,1.203142,-0.310415,0.064560,-0.066157,-0.070621,0.993211,15
2.625840,109,0.148890,1.203165,-0.310449,0.064661,-0.066413,-0.070625,0.993187,15
2.647963,110,0.148777,1.203216,-0.310479,0.064686,-0.066699,-0.070643,0.993165,15
2.670645,111,0.148675,1.203208,-0.310491,0.064627,-0.067047,-0.070547,0.993152,15
2.692778,112,0.148598,1.203185,-0.310511,0.064567,-0.067456,-0.070667,0.993120,15
2.714715,113,0.148516,1.203256,-0.310582,0.064563,-0.067697,-0.070878,0.993089,15
2.736763,114,0.148398,1.203249,-0.310607,0.064509,-0.068018,-0.070759,0.993079,15
2.759280,115,0.148230,1.203219,-0.310670,0.064453,-0.068405,-0.070713,0.993059,15
2.781347,116,0.148141,1.203210,-0.310720,0.064497,-0.068683,-0.070632,0.993043,15
2.803875,117,0.148014,1.203184,-0.310775,0.064656,-0.068950,-0.070556,0.993019,15
2.825830,118,0.147889,1.203086,-0.310814,0.064938,-0.069233,-0.070434,0.992990,15
2.849058,119,0.147801,1.203105,-0.310865,0.065179,-0.069625,-0.070294,0.992957,15
2.870616,120,0.147726,1.203094,-0.310893,0.065326,-0.069954,-0.070089,0.992938,15
2.892801,121,0.147665,1.203104,-0.310912,0.065362,-0.070213,-0.069938,0.992928,15
2.915079,122,0.147562,1.203132,-0.310921,0.065409,-0.070409,-0.069852,0.992917,15
2.936653,123,0.147449,1.203179,-0.310931,0.065384,-0.070578,-0.069680,0.992919,15
2.959296,124,0.147328,1.203144,-0.310975,0.065376,-0.070793,-0.069306,0.992931,15
2.981410,125,0.147160,1.203095,-0.311004,0.065502,-0.071058,-0.069060,0.992921,15
3.003560,126,0.147042,1.203039,-0.311019,0.065739,-0.071340,-0.068895,0.992896,15
3.065685,127,0.146716,1.202932,-0.310963,0.066439,-0.072089,-0.068357,0.992833,15
3.092832,128,0.146633,1.202831,-0.310919,0.066674,-0.072417,-0.068070,0.992813,15
3.114949,129,0.146609,1.202713,-0.310907,0.066932,-0.072442,-0.068077,0.992793,15
3.137685,130,0.146644,1.202832,-0.310881,0.067078,-0.072430,-0.067890,0.992797,15
3.159322,131,0.146667,1.202812,-0.310874,0.066891,-0.072208,-0.067708,0.992838,15
3.181388,132,0.146700,1.202698,-0.310841,0.066806,-0.071895,-0.067743,0.992864,15
3.203624,133,0.146778,1.202612,-0.310797,0.066930,-0.071559,-0.067681,0.992884,15
3.225689,134,0.146857,1.202578,-0.310773,0.067040,-0.071287,-0.067627,0.992900,15
3.247951,135,0.146973,1.202710,-0.310708,0.066858,-0.070999,-0.067673,0.992930,15
3.270378,136,0.147061,1.202742,-0.310674,0.066275,-0.070540,-0.067772,0.992995,15
3.292357,137,0.147114,1.202618,-0.310712,0.066087,-0.070159,-0.068101,0.993012,15
3.314671,138,0.147179,1.202625,-0.310732,0.066382,-0.069899,-0.068370,0.992992,15
3.336786,139,0.147232,1.202751,-0.310673,0.066515,-0.069812,-0.068088,0.993009,15
3.358913,140,0.147121,1.202517,-0.310320,0.066507,-0.070100,-0.067837,0.993006,15
3.381438,141,0.146837,1.202257,-0.310084,0.066773,-0.071107,-0.067525,0.992938,15
3.403531,142,0.146288,1.202095,-0.309907,0.067200,-0.072894,-0.066441,0.992853,15
3.425698,143,0.145120,1.202126,-0.309605,0.067282,-0.076142,-0.065764,0.992648,15
3.448091,144,0.143101,1.202219,-0.309275,0.066630,-0.082336,-0.065611,0.992208,15
3.470267,145,0.139988,1.202367,-0.309258,0.066142,-0.093454,-0.066137,0.991220,15
3.492451,146,0.135775,1.202695,-0.309477,0.065371,-0.110864,-0.068411,0.989321,15
3.515290,147,0.131720,1.203048,-0.310299,0.064397,-0.135090,-0.073033,0.986038,15
3.536681,148,0.128441,1.204300,-0.311673,0.062814,-0.160630,-0.077142,0.981989,15
3.558687,149,0.125454,1.206012,-0.313323,0.059153,-0.183523,-0.079409,0.978016,15
3.581284,150,0.122240,1.207287,-0.314896,0.053821,-0.203163,-0.080651,0.974332,15
3.604364,151,0.119059,1.208637,-0.316544,0.048027,-0.220981,-0.082111,0.970628,15
3.625657,152,0.116381,1.210254,-0.318287,0.041701,-0.237492,-0.083086,0.966931,15
3.648135,153,0.114250,1.211361,-0.320185,0.035441,-0.250828,-0.082916,0.963823,15
3.670589,154,0.112143,1.213542,-0.322061,0.028620,-0.260930,-0.082896,0.961366,15
3.692539,155,0.109806,1.216125,-0.323970,0.018607,-0.270584,-0.083231,0.958911,15
3.714959,156,0.108302,1.217244,-0.326322,0.009008,-0.280123,-0.083692,0.956267,15
3.736966,157,0.107336,1.218719,-0.328715,0.001539,-0.287417,-0.083994,0.954114,15
3.759219,158,0.106559,1.220426,-0.330912,-0.005464,-0.292183,-0.083669,0.952680,15
3.781609,159,0.106117,1.221894,-0.332918,-0.012414,-0.294915,-0.082255,0.951896,15
3.804225,160,0.105929,1.223306,-0.334827,-0.019194,-0.295431,-0.080321,0.951788,15
3.827256,161,0.105914,1.225300,-0.336629,-0.026842,-0.294301,-0.079290,0.952040,15
3.848155,162,0.106046,1.226826,-0.338391,-0.035397,-0.292274,-0.078062,0.952486,15
3.871451,163,0.106297,1.227832,-0.340071,-0.042726,-0.289237,-0.076026,0.953277,15
3.897558,164,0.106635,1.229073,-0.341648,-0.049085,-0.285733,-0.074229,0.954169,15
3.920049,165,0.107039,1.230033,-0.343161,-0.054539,-0.282612,-0.072913,0.954903,15
3.942005,166,0.107660,1.230862,-0.344588,-0.059061,-0.279509,-0.071343,0.955666,15
3.964427,167,0.108437,1.231815,-0.345788,-0.063256,-0.276111,-0.069802,0.956498,15
3.986708,168,0.109346,1.232537,-0.346752,-0.067367,-0.271791,-0.068272,0.957565,15
4.008969,169,0.110114,1.233111,-0.347550,-0.070831,-0.266881,-0.067064,0.958780,15
4.065214,170,0.112344,1.235035,-0.349097,-0.080198,-0.254998,-0.065255,0.961398,15
4.087236,171,0.113310,1.235640,-0.349531,-0.083522,-0.250083,-0.064411,0.962462,15
4.109260,172,0.113859,1.236958,-0.350089,-0.087753,-0.245404,-0.063570,0.963346,15
4.131525,173,0.113399,1.238464,-0.350724,-0.094692,-0.243713,-0.064147,0.963080,15
4.153778,174,0.112458,1.239104,-0.351699,-0.101143,-0.247793,-0.066405,0.961228,15
4.175996,175,0.110810,1.239635,-0.353349,-0.104679,-0.256964,-0.066191,0.958452,15
4.198151,176,0.108567,1.239823,-0.355358,-0.106721,-0.271375,-0.063649,0.954419,15
4.220474,177,0.106246,1.239769,-0.357676,-0.107288,-0.289919,-0.063203,0.948916,15
4.242689,178,0.103931,1.240079,-0.360377,-0.106862,-0.310203,-0.063864,0.942484,15
4.265005,179,0.101471,1.240401,-0.363062,-0.106869,-0.330198,-0.063484,0.935691,15
4.287504,180,0.098852,1.240323,-0.365667,-0.107078,-0.349246,-0.061817,0.928838,15
4.309433,181,0.095929,1.240033,-0.368246,-0.106663,-0.367326,-0.059048,0.922067,15
4.331683,182,0.093066,1.239807,-0.370757,-0.105525,-0.385242,-0.056676,0.915009,15
4.354794,183,0.090213,1.239405,-0.373118,-0.104255,-0.402351,-0.054569,0.907892,15
4.376402,184,0.087165,1.238840,-0.375371,-0.102763,-0.418919,-0.052156,0.900681,15
4.398352,185,0.084007,1.238062,-0.377657,-0.100310,-0.435485,-0.049407,0.893224,15
4.420649,186,0.080945,1.237287,-0.379818,-0.097156,-0.451965,-0.046772,0.885495,15
4.442863,187,0.078198,1.236310,-0.381688,-0.093774,-0.467700,-0.043822,0.877806,15
4.465141,188,0.075654,1.235280,-0.383193,-0.089246,-0.481552,-0.040813,0.870906,15
4.487475,189,0.073015,1.234160,-0.384198,-0.084033,-0.493357,-0.037770,0.864934,15
4.510731,190,0.070630,1.232816,-0.384530,-0.078274,-0.502929,-0.034343,0.860091,15
4.531739,191,0.068769,1.231060,-0.384007,-0.070991,-0.509545,-0.030648,0.856962,15
4.554835,192,0.067107,1.229292,-0.382653,-0.061667,-0.511342,-0.026808,0.856743,15
4.576271,193,0.065398,1.227591,-0.380779,-0.051735,-0.510077,-0.024140,0.858232,15
4.598552,194,0.063885,1.225937,-0.378212,-0.041448,-0.506853,-0.022517,0.860741,15
4.620646,195,0.063073,1.223702,-0.374699,-0.030335,-0.500849,-0.021079,0.864746,15
4.643069,196,0.062391,1.221294,-0.370702,-0.017729,-0.491764,-0.019486,0.870330,15
4.665217,197,0.062281,1.218261,-0.365979,-0.003151,-0.480148,-0.017534,0.877006,15
4.687677,198,0.062983,1.214475,-0.360430,0.014666,-0.464793,-0.015794,0.885157,15
4.709801,199,0.064374,1.210211,-0.354551,0.035294,-0.444997,-0.014294,0.894722,15
4.731888,200,0.066225,1.205702,-0.348452,0.058207,-0.420488,-0.012444,0.905344,15
4.754117,201,0.068192,1.201381,-0.342145,0.081267,-0.393307,-0.011074,0.915742,15
4.776410,202,0.070293,1.196843,-0.335791,0.101584,-0.365829,-0.010353,0.925064,15
4.798640,203,0.073278,1.191617,-0.329578,0.121812,-0.339012,-0.009536,0.932814,15
4.821543,204,0.077461,1.186286,-0.323672,0.144491,-0.310376,-0.007861,0.939536,15
4.843494,205,0.081628,1.182171,-0.317553,0.164309,-0.278902,-0.004458,0.946148,15
4.865455,206,0.085878,1.178516,-0.311653,0.178830,-0.247051,0.000395,0.952358,15
4.887630,207,0.090495,1.174914,-0.305866,0.190411,-0.215734,0.004643,0.957696,15
4.910205,208,0.095723,1.171928,-0.300470,0.198958,-0.183994,0.008373,0.962544,15
4.931960,209,0.100908,1.169528,-0.295591,0.205020,-0.151954,0.012697,0.966807,15
4.954206,210,0.106033,1.167827,-0.290914,0.208740,-0.121961,0.015583,0.970211,15
4.976618,211,0.111448,1.166390,-0.286895,0.210598,-0.094337,0.017881,0.972846,15
4.998804,212,0.117001,1.165461,-0.283580,0.211393,-0.068321,0.020320,0.974799,15
5.021112,213,0.122129,1.164367,-0.280838,0.211696,-0.044283,0.023004,0.976061,15
5.068184,214,0.132100,1.162783,-0.277403,0.214198,-0.006045,0.024726,0.976459,15
5.087787,215,0.136930,1.162576,-0.276225,0.214942,0.010797,0.024121,0.976269,15
5.110229,216,0.141681,1.162392,-0.275320,0.214406,0.026821,0.023813,0.976086,15
5.132873,217,0.146009,1.161615,-0.274955,0.214711,0.041128,0.022607,0.975549,15
5.154313,218,0.150496,1.161622,-0.274503,0.215393,0.053904,0.020384,0.974826,15
5.177685,219,0.155077,1.162111,-0.273997,0.214078,0.066476,0.019686,0.974353,15
5.198834,220,0.159381,1.161833,-0.273921,0.212109,0.079511,0.018535,0.973830,15
5.221082,221,0.163781,1.162093,-0.273754,0.210570,0.092311,0.015993,0.973079,15
5.243641,222,0.168608,1.163268,-0.273406,0.206771,0.105846,0.014135,0.972544,15
5.265613,223,0.173689,1.164317,-0.273446,0.200359,0.121916,0.011990,0.972033,15
5.287815,224,0.178769,1.165303,-0.273725,0.193969,0.140507,0.010290,0.970839,15
5.311163,225,0.183904,1.167261,-0.273716,0.186044,0.159995,0.010005,0.969376,15
5.332138,226,0.188850,1.168520,-0.274381,0.176906,0.179364,0.009681,0.967698,15
5.354555,227,0.193829,1.169841,-0.275545,0.169576,0.198186,0.009471,0.965338,15
5.376717,228,0.198375,1.171169,-0.276750,0.162920,0.216324,0.009297,0.962588,15
5.398899,229,0.202350,1.172222,-0.278130,0.157863,0.231858,0.009138,0.959811,15
5.421121,230,0.206103,1.173684,-0.279554,0.152934,0.244045,0.008938,0.957587,15
5.443775,231,0.209459,1.175111,-0.281028,0.146733,0.254113,0.007526,0.955950,15
5.465712,232,0.212340,1.176537,-0.282474,0.140051,0.262150,0.004453,0.954800,15
5.488685,233,0.214948,1.178384,-0.283879,0.132736,0.267979,0.000948,0.954237,15
5.511032,234,0.217285,1.179840,-0.285427,0.125121,0.272646,-0.003460,0.953938,15
5.532379,235,0.219505,1.181759,-0.286899,0.117006,0.276758,-0.008824,0.953749,15
5.554718,236,0.221781,1.183855,-0.288517,0.107833,0.280971,-0.014040,0.953536,15
5.577141,237,0.224075,1.185679,-0.290447,0.097783,0.286196,-0.019890,0.952961,15
5.599129,238,0.226750,1.187726,-0.292703,0.086613,0.293462,-0.028411,0.951615,15
5.621345,239,0.229510,1.189828,-0.294962,0.074948,0.303408,-0.036572,0.949204,15
5.644011,240,0.232081,1.190999,-0.297223,0.065977,0.314326,-0.041222,0.946122,15
5.665846,241,0.234766,1.192035,-0.299587,0.059515,0.324881,-0.044258,0.942842,15
5.688035,242,0.237208,1.192564,-0.301963,0.054371,0.335413,-0.046352,0.939358,15
5.711207,243,0.239099,1.191869,-0.303961,0.053397,0.344803,-0.048535,0.935897,15
5.732414,244,0.240731,1.191611,-0.305468,0.055057,0.351306,-0.051143,0.933240,15
5.755084,245,0.242143,1.191350,-0.306725,0.056940,0.354655,-0.053331,0.931737,15
5.777651,246,0.243071,1.190295,-0.307603,0.059724,0.355817,-0.056630,0.930925,15
5.799302,247,0.243816,1.189890,-0.307826,0.063463,0.354897,-0.059270,0.930864,15
5.821494,248,0.244524,1.189440,-0.308012,0.064991,0.352267,-0.061374,0.931621,15
5.843717,249,0.244794,1.188458,-0.307981,0.066450,0.349564,-0.065092,0.932284,15
5.865919,250,0.244740,1.187563,-0.307431,0.070441,0.345930,-0.068462,0.933104,15
5.888136,251,0.244426,1.187336,-0.306322,0.074962,0.340081,-0.069051,0.934857,15
5.911286,252,0.243200,1.186145,-0.304869,0.080550,0.331233,-0.066349,0.937760,15
5.932615,253,0.241013,1.184043,-0.302919,0.088885,0.319258,-0.064170,0.941306,15
5.954748,254,0.237618,1.181515,-0.300580,0.100618,0.302164,-0.064655,0.945723,15
5.977684,255,0.233468,1.180059,-0.297493,0.113313,0.279550,-0.066168,0.951122,15
5.999260,256,0.228864,1.179397,-0.294121,0.122445,0.252317,-0.065577,0.957624,15
6.021382,257,0.223379,1.177728,-0.290832,0.129221,0.222995,-0.065392,0.964002,15
6.067856,258,0.211220,1.175960,-0.284362,0.141781,0.162205,-0.069979,0.974008,15
6.088291,259,0.205102,1.176403,-0.280902,0.144041,0.132015,-0.069569,0.978256,15
6.112370,260,0.198602,1.175596,-0.278253,0.144478,0.103442,-0.067661,0.981758,15
6.132515,261,0.191962,1.174489,-0.276246,0.147422,0.076025,-0.068408,0.983772,15
6.155617,262,0.185481,1.174734,-0.274197,0.151176,0.049399,-0.070363,0.984761,15
6.177473,263,0.179395,1.175303,-0.272506,0.151655,0.023840,-0.069218,0.985719,15
6.199255,264,0.173001,1.174541,-0.271787,0.152582,-0.000395,-0.067959,0.985951,15
6.221530,265,0.166164,1.174408,-0.271317,0.155334,-0.025466,-0.068477,0.985157,15
6.243924,266,0.159860,1.175572,-0.271001,0.156587,-0.052743,-0.068406,0.983880,15
6.266016,267,0.154415,1.176595,-0.271464,0.153752,-0.078441,-0.066462,0.982746,15
6.288392,268,0.149033,1.176867,-0.272521,0.151088,-0.099725,-0.065570,0.981289,15
6.311400,269,0.144048,1.177440,-0.273727,0.149940,-0.117390,-0.066065,0.979476,15
6.332629,270,0.139978,1.178417,-0.274887,0.148831,-0.132408,-0.065250,0.977783,15
6.354976,271,0.136307,1.179023,-0.276273,0.147084,-0.144129,-0.062046,0.976598,15
6.377585,272,0.133165,1.179179,-0.277791,0.146213,-0.152601,-0.059318,0.975611,15
6.399431,273,0.130555,1.179459,-0.279205,0.146212,-0.158441,-0.057311,0.974800,15
6.421674,274,0.128351,1.179906,-0.280244,0.146132,-0.161783,-0.054639,0.974416,15
6.444343,275,0.126691,1.180357,-0.281135,0.144869,-0.162821,-0.051232,0.974617,15
6.466179,276,0.125476,1.180427,-0.282037,0.143688,-0.161565,-0.047790,0.975175,15
6.488471,277,0.124479,1.180428,-0.282673,0.143291,-0.158543,-0.044804,0.975871,15
6.511228,278,0.123764,1.180541,-0.283175,0.143179,-0.154437,-0.041942,0.976673,15
6.532789,279,0.123357,1.180791,-0.283571,0.142687,-0.149818,-0.039197,0.977578,15
6.554977,280,0.123084,1.181007,-0.283938,0.141756,-0.144434,-0.036369,0.978632,15
6.577674,281,0.122989,1.181077,-0.284315,0.140931,-0.138692,-0.033292,0.979691,15
6.599592,282,0.122877,1.181248,-0.284576,0.140182,-0.133033,-0.030031,0.980688,15
6.621727,283,0.122648,1.181448,-0.284761,0.139081,-0.128125,-0.026906,0.981589,15
6.644180,284,0.122464,1.181618,-0.285032,0.137987,-0.124345,-0.024167,0.982300,15
6.666373,285,0.122318,1.181761,-0.285326,0.137118,-0.121421,-0.021487,0.982850,15
6.688452,286,0.122223,1.182029,-0.285630,0.136262,-0.118822,-0.018354,0.983350,15
6.711247,287,0.122041,1.182384,-0.285890,0.134932,-0.116717,-0.015391,0.983836,15
6.732770,288,0.121849,1.182847,-0.286169,0.132986,-0.115268,-0.013262,0.984303,15
6.755347,289,0.121664,1.183125,-0.286608,0.130906,-0.114321,-0.011955,0.984709,15
6.777716,290,0.121511,1.183421,-0.287059,0.129332,-0.113687,-0.011158,0.985000,15
6.801017,291,0.121414,1.183710,-0.287487,0.128058,-0.113315,-0.010365,0.985218,15
6.821812,292,0.121410,1.184044,-0.288036,0.126997,-0.113058,-0.009527,0.985393,15
6.844344,293,0.121486,1.184480,-0.288531,0.125741,-0.112761,-0.008822,0.985594,15
6.866356,294,0.121592,1.184749,-0.289042,0.124326,-0.112214,-0.008829,0.985836,15
6.888786,295,0.121729,1.185071,-0.289487,0.123311,-0.111645,-0.009217,0.986025,15
6.911857,296,0.121978,1.185702,-0.289763,0.121916,-0.111115,-0.009030,0.986260,15
6.933113,297,0.122330,1.186459,-0.289872,0.119620,-0.110513,-0.007966,0.986618,15
6.955551,298,0.122771,1.187451,-0.289828,0.115772,-0.109638,-0.005726,0.987190,15
6.978008,299,0.123260,1.187857,-0.289926,0.111617,-0.108355,-0.003345,0.987821,15
7.000100,300,0.123738,1.188044,-0.290169,0.109241,-0.106836,-0.002433,0.988254,15
7.022000,301,0.124206,1.188528,-0.290324,0.107969,-0.105135,-0.002746,0.988576,15
7.078383,302,0.125284,1.188925,-0.290984,0.106417,-0.102872,-0.002995,0.988981,15
7.099789,303,0.125706,1.188742,-0.291343,0.107467,-0.102709,-0.003724,0.988882,15
7.121946,304,0.126204,1.188747,-0.291651,0.108906,-0.102640,-0.004771,0.988727,15
7.144514,305,0.126700,1.188829,-0.291856,0.109863,-0.102430,-0.005693,0.988638,15
7.166603,306,0.127203,1.188785,-0.291974,0.110423,-0.101852,-0.006640,0.988630,15
7.188658,307,0.127760,1.189033,-0.291875,0.110444,-0.101090,-0.007191,0.988702,15
7.211412,308,0.128258,1.189528,-0.291599,0.108894,-0.100004,-0.007155,0.988984,15
7.233374,309,0.128728,1.190243,-0.291150,0.106143,-0.098882,-0.006782,0.989399,15
7.255661,310,0.129212,1.190676,-0.290658,0.102366,-0.097786,-0.005901,0.989911,15
7.277961,311,0.129640,1.190947,-0.290255,0.099534,-0.097057,-0.005876,0.990272,15
7.299954,312,0.130144,1.191271,-0.289908,0.097735,-0.096370,-0.006245,0.990516,15
7.322984,313,0.130764,1.191372,-0.289683,0.096712,-0.095186,-0.006499,0.990729,15
7.344884,314,0.131305,1.191256,-0.289543,0.096803,-0.093592,-0.007058,0.990868,15
7.366829,315,0.131792,1.191244,-0.289415,0.097528,-0.091926,-0.007761,0.990948,15
7.389086,316,0.132247,1.191084,-0.289299,0.098303,-0.090447,-0.008339,0.991003,15
7.411360,317,0.132714,1.190758,-0.289304,0.099459,-0.089298,-0.009051,0.990985,15
7.433414,318,0.133128,1.190587,-0.289346,0.100953,-0.088320,-0.009750,0.990915,15
7.455791,319,0.133506,1.190551,-0.289331,0.101970,-0.087487,-0.010277,0.990880,15
7.479152,320,0.133790,1.190514,-0.289331,0.102175,-0.086876,-0.010711,0.990908,15
7.500299,321,0.134052,1.190449,-0.289402,0.102253,-0.086431,-0.011278,0.990932,15
7.523595,322,0.134204,1.190407,-0.289484,0.102329,-0.086201,-0.011869,0.990938,15
7.544745,323,0.134199,1.190495,-0.289489,0.102133,-0.086344,-0.012312,0.990940,15
7.567231,324,0.134082,1.190413,-0.289582,0.101774,-0.087113,-0.012516,0.990907,15
7.589374,325,0.133880,1.190278,-0.289700,0.101934,-0.088289,-0.012917,0.990781,15
7.612344,326,0.133634,1.190322,-0.289815,0.102308,-0.089627,-0.013107,0.990620,15
7.633847,327,0.133287,1.190320,-0.289935,0.102297,-0.090917,-0.012980,0.990506,15
7.656122,328,0.132847,1.190277,-0.290033,0.102280,-0.092275,-0.012740,0.990385,15
7.678215,329,0.132411,1.190203,-0.290211,0.102472,-0.093595,-0.012361,0.990246,15
7.700479,330,0.131894,1.190156,-0.290426,0.102784,-0.094672,-0.011689,0.990119,15
7.723843,331,0.131259,1.190116,-0.290729,0.103243,-0.095694,-0.010545,0.989986,15
7.744960,332,0.130561,1.190127,-0.291046,0.103677,-0.096961,-0.008814,0.989834,15
7.767094,333,0.129783,1.190126,-0.291381,0.103780,-0.098232,-0.006478,0.989716,15
7.790395,334,0.128874,1.190192,-0.291679,0.103677,-0.099565,-0.004115,0.989607,15
7.811865,335,0.127887,1.190332,-0.291932,0.103151,-0.101224,-0.001710,0.989500,15
7.834636,336,0.126908,1.190389,-0.292244,0.102362,-0.103226,0.000471,0.989377,15
7.855983,337,0.125926,1.190375,-0.292524,0.101926,-0.105158,0.002749,0.989215,15
7.878332,338,0.124953,1.190428,-0.292773,0.101910,-0.107169,0.005185,0.988991,15
7.900604,339,0.124023,1.190481,-0.293047,0.101723,-0.109049,0.007702,0.988788,15
7.923837,340,0.123228,1.190474,-0.293336,0.101528,-0.110702,0.010444,0.988599,15
7.945127,341,0.122555,1.190408,-0.293680,0.101545,-0.112050,0.013141,0.988413,15
7.967867,342,0.121947,1.190497,-0.294030,0.101499,-0.113073,0.015509,0.988267,15
7.989477,343,0.121406,1.190686,-0.294299,0.100843,-0.113896,0.017509,0.988206,15
8.012356,344,0.120917,1.190923,-0.294564,0.099617,-0.114611,0.019335,0.988214,15
8.079145,345,0.120214,1.191477,-0.295400,0.096542,-0.117070,0.023711,0.988136,15
8.101580,346,0.120245,1.191685,-0.295631,0.095490,-0.117900,0.024877,0.988110,15
8.123431,347,0.120401,1.191979,-0.295796,0.094404,-0.118616,0.025624,0.988110,15
8.145617,348,0.120645,1.192240,-0.295962,0.093244,-0.119080,0.026139,0.988151,15
8.168211,349,0.121004,1.192511,-0.296096,0.092134,-0.119370,0.026572,0.988209,15
8.189975,350,0.121495,1.192752,-0.296217,0.091147,-0.119354,0.026896,0.988293,15
8.212231,351,0.122299,1.193096,-0.296279,0.090096,-0.118683,0.027105,0.988465,15
8.234666,352,0.123665,1.193543,-0.296245,0.088376,-0.116096,0.027515,0.988916,15
8.257041,353,0.125513,1.193936,-0.296162,0.086337,-0.109797,0.028806,0.989778,15
8.279047,354,0.127524,1.194117,-0.295959,0.084766,-0.099677,0.030878,0.990922,15
8.301359,355,0.129576,1.194361,-0.295645,0.083520,-0.088038,0.032684,0.992071,15
8.323960,356,0.131728,1.194701,-0.295343,0.082015,-0.076057,0.034143,0.993138,15
8.346273,357,0.134026,1.194947,-0.295108,0.080194,-0.064278,0.035334,0.994077,15
8.368507,358,0.136338,1.195274,-0.294978,0.078611,-0.052807,0.035934,0.994857,15
8.389852,359,0.138576,1.195602,-0.294959,0.077303,-0.042034,0.035918,0.995473,15
8.412240,360,0.140778,1.195900,-0.294996,0.075946,-0.032365,0.035263,0.995963,15
8.435002,361,0.142837,1.196132,-0.295123,0.074821,-0.023600,0.033815,0.996344,15
8.456830,362,0.144704,1.196413,-0.295447,0.074036,-0.015936,0.031941,0.996617,15
8.479411,363,0.146384,1.196833,-0.295773,0.073071,-0.009304,0.030161,0.996827,15
8.501644,364,0.147864,1.197211,-0.296158,0.071878,-0.003993,0.028555,0.996997,15
8.523518,365,0.149162,1.197651,-0.296555,0.070271,0.000112,0.026431,0.997178,15
8.545640,366,0.150255,1.198146,-0.296962,0.068286,0.002755,0.024191,0.997369,15
8.568268,367,0.151112,1.198510,-0.297374,0.066201,0.004082,0.022033,0.997555,15
8.590086,368,0.151861,1.198852,-0.297845,0.064348,0.004167,0.019858,0.997721,15
8.612655,369,0.152510,1.199160,-0.298442,0.063007,0.003019,0.017379,0.997857,15
8.634914,370,0.152997,1.199511,-0.299012,0.062042,0.001081,0.014563,0.997967,15
8.658270,371,0.153359,1.199960,-0.299576,0.060958,-0.001570,0.011484,0.998073,15
8.679087,372,0.153585,1.200442,-0.300084,0.059571,-0.004732,0.008434,0.998177,15
8.701455,373,0.153722,1.200918,-0.300560,0.057797,-0.008468,0.005704,0.998276,15
8.724241,374,0.153774,1.201356,-0.301006,0.055627,-0.012543,0.003312,0.998367,15
8.745893,375,0.153737,1.201626,-0.301525,0.053813,-0.016894,0.000940,0.998408,15
8.768516,376,0.153573,1.201941,-0.302014,0.052583,-0.021478,-0.001606,0.998384,15
8.791133,377,0.153303,1.202378,-0.302468,0.051152,-0.026349,-0.004018,0.998335,15
8.812420,378,0.152984,1.202714,-0.302959,0.049451,-0.031627,-0.006401,0.998255,15
8.835090,379,0.152644,1.202996,-0.303486,0.048029,-0.037047,-0.008923,0.998119,15
8.857043,380,0.152179,1.203403,-0.303998,0.046663,-0.042449,-0.011419,0.997943,15
8.879306,381,0.151711,1.203944,-0.304475,0.044773,-0.047812,-0.013661,0.997759,15
8.902018,382,0.151178,1.204461,-0.304924,0.042337,-0.053123,-0.015706,0.997567,15
8.923923,383,0.150644,1.204841,-0.305444,0.040078,-0.058541,-0.017829,0.997321,15
8.946062,384,0.150072,1.205246,-0.305943,0.038164,-0.063718,-0.019793,0.997042,15
8.969540,385,0.149488,1.205615,-0.306439,0.036316,-0.068680,-0.021312,0.996750,15
8.990283,386,0.148893,1.205868,-0.306969,0.034809,-0.073608,-0.022621,0.996423,15
9.012529,387,0.148339,1.206205,-0.307445,0.033569,-0.078297,-0.023777,0.996081,15
9.071747,388,0.146842,1.206933,-0.308679,0.030855,-0.088448,-0.026814,0.995242,15
9.090663,389,0.146237,1.207169,-0.309195,0.029902,-0.092376,-0.027923,0.994883,15
9.112861,390,0.145646,1.207397,-0.309710,0.029026,-0.095908,-0.029040,0.994543,15
9.135050,391,0.145132,1.207553,-0.310231,0.028078,-0.099035,-0.029968,0.994236,15
9.157580,392,0.144684,1.207579,-0.310742,0.027418,-0.101793,-0.030243,0.993968,15
9.179478,393,0.144248,1.207396,-0.311370,0.027832,-0.104125,-0.030694,0.993701,15
9.202378,394,0.143850,1.207046,-0.312162,0.029782,-0.106000,-0.031804,0.993411,15
9.224293,395,0.143341,1.206972,-0.312840,0.032235,-0.107346,-0.032982,0.993152,15
9.246310,396,0.142751,1.207040,-0.313296,0.033497,-0.108698,-0.033802,0.992935,15
9.268961,397,0.142148,1.206928,-0.313620,0.034117,-0.110314,-0.034478,0.992713,15
9.290583,398,0.141547,1.206654,-0.313787,0.034847,-0.112053,-0.035074,0.992472,15
9.312897,399,0.140943,1.206157,-0.313787,0.036589,-0.113523,-0.035811,0.992215,15
9.336910,400,0.140340,1.205469,-0.313637,0.039697,-0.114764,-0.036172,0.991940,15
9.357360,401,0.139772,1.204623,-0.313252,0.043615,-0.115817,-0.036158,0.991654,15
9.379773,402,0.139242,1.203803,-0.312600,0.048082,-0.116389,-0.035731,0.991396,15
9.402313,403,0.138787,1.202737,-0.311742,0.052878,-0.116400,-0.034970,0.991177,15
9.423800,404,0.138344,1.201566,-0.310629,0.058335,-0.115954,-0.033893,0.990961,15
9.446222,405,0.137897,1.200221,-0.309345,0.064311,-0.115103,-0.032548,0.990735,15
9.470050,406,0.137424,1.198611,-0.307919,0.071278,-0.114090,-0.031006,0.990425,15
9.490805,407,0.136923,1.196762,-0.306350,0.079068,-0.113173,-0.029499,0.989985,15
9.513162,408,0.136359,1.194506,-0.304640,0.088049,-0.112252,-0.027859,0.989379,15
9.535364,409,0.135706,1.191831,-0.302834,0.098821,-0.111593,-0.026120,0.988483,15
9.557459,410,0.134982,1.188945,-0.300857,0.111240,-0.111373,-0.024069,0.987240,15
9.580055,411,0.134226,1.185974,-0.298719,0.124135,-0.111347,-0.021297,0.985768,15
9.602297,412,0.133414,1.182508,-0.296593,0.137586,-0.111406,-0.018172,0.984037,15
9.624309,413,0.132546,1.178613,-0.294470,0.152260,-0.111664,-0.015149,0.981895,15
9.646661,414,0.131677,1.174812,-0.292245,0.167710,-0.111933,-0.012169,0.979386,15
9.669078,415,0.130820,1.171059,-0.289942,0.182461,-0.111979,-0.009292,0.976772,15
9.691118,416,0.129968,1.167010,-0.287703,0.197030,-0.111816,-0.007114,0.973974,15
9.713632,417,0.129121,1.163572,-0.285380,0.211390,-0.111969,-0.004839,0.970955,15
9.735680,418,0.128292,1.161105,-0.282672,0.221973,-0.112569,-0.002013,0.968531,15
9.757585,419,0.127532,1.158283,-0.280358,0.229677,-0.113181,0.000195,0.966664,15
9.781088,420,0.126769,1.155542,-0.278366,0.237449,-0.113574,0.001294,0.964737,15
9.802412,421,0.126003,1.153085,-0.276502,0.245292,-0.113914,0.001886,0.962732,15
9.824334,422,0.125286,1.150479,-0.274913,0.253121,-0.114407,0.002435,0.960643,15
9.846949,423,0.124641,1.147727,-0.273826,0.261593,-0.115030,0.002941,0.958295,15
9.869324,424,0.124078,1.144893,-0.273252,0.271663,-0.115686,0.003130,0.955409,15
9.891165,425,0.123556,1.141758,-0.273124,0.283218,-0.116233,0.002547,0.951983,15
9.914318,426,0.123017,1.138554,-0.273319,0.296413,-0.116896,0.001622,0.947878,15
9.936349,427,0.122479,1.135966,-0.273248,0.309282,-0.118581,0.001364,0.943547,15
9.957961,428,0.121971,1.134060,-0.272665,0.318844,-0.121364,0.001900,0.940003,15
9.980200,429,0.121617,1.132441,-0.272095,0.324224,-0.124061,0.002716,0.937806,15
10.002662,430,0.120829,1.131210,-0.271527,0.327442,-0.126153,0.001558,0.936410,15
10.024401,431,0.120413,1.129865,-0.271203,0.330002,-0.128086,-0.000824,0.935250,15
10.074183,432,0.119749,1.128399,-0.270569,0.334438,-0.132301,-0.001765,0.933084,15
10.101752,433,0.119394,1.127462,-0.270529,0.337523,-0.135243,-0.002311,0.931548,15
10.123615,434,0.119224,1.127144,-0.270545,0.338994,-0.137034,-0.002878,0.930751,15
10.145925,435,0.119064,1.126997,-0.270621,0.339946,-0.138810,-0.003509,0.930138,15
10.168574,436,0.118892,1.126974,-0.270736,0.340032,-0.140755,-0.004093,0.929812,15
10.190532,437,0.118831,1.126994,-0.271001,0.339909,-0.142652,-0.004607,0.929565,15
10.212657,438,0.118645,1.127074,-0.271253,0.339464,-0.144511,-0.005389,0.929436,15
10.235801,439,0.118441,1.127187,-0.271567,0.338797,-0.146769,-0.006306,0.929320,15
10.257561,440,0.118232,1.127415,-0.271842,0.338024,-0.149529,-0.006998,0.929157,15
10.280976,441,0.118047,1.127712,-0.272204,0.336897,-0.152696,-0.007060,0.929050,15
10.302679,442,0.117764,1.128010,-0.272685,0.335973,-0.156302,-0.006903,0.928786,15
10.324210,443,0.117438,1.128322,-0.273183,0.335111,-0.160339,-0.006980,0.928409,15
10.346380,444,0.117096,1.128648,-0.273580,0.334239,-0.164352,-0.007735,0.928016,15
10.368822,445,0.116726,1.129040,-0.273845,0.333022,-0.168210,-0.008768,0.927753,15
10.390785,446,0.116390,1.129415,-0.273988,0.331400,-0.171774,-0.009951,0.927669,15
10.413195,447,0.116097,1.129674,-0.274241,0.330079,-0.175086,-0.010934,0.927509,15
10.435663,448,0.115806,1.129943,-0.274398,0.329230,-0.178179,-0.011622,0.927213,15
10.457706,449,0.115625,1.130157,-0.274436,0.328255,-0.180893,-0.012038,0.927028,15
10.479981,450,0.115414,1.130371,-0.274382,0.327363,-0.183233,-0.012252,0.926882,15
10.502292,451,0.115249,1.130548,-0.274315,0.326577,-0.185266,-0.012239,0.926755,15
10.524214,452,0.115149,1.130624,-0.274211,0.325834,-0.187006,-0.012117,0.926668,15
10.546737,453,0.115061,1.130621,-0.274140,0.325249,-0.188445,-0.011755,0.926587,15
10.569446,454,0.115046,1.130548,-0.274206,0.324981,-0.189539,-0.011476,0.926461,15
10.591411,455,0.115013,1.130510,-0.274219,0.324890,-0.190349,-0.011269,0.926330,15
10.613396,456,0.114965,1.130567,-0.274190,0.324864,-0.190932,-0.011150,0.926220,15
10.635856,457,0.114883,1.130758,-0.274113,0.324345,-0.191506,-0.011018,0.926285,15
10.657904,458,0.114798,1.130898,-0.273982,0.323371,-0.192070,-0.011020,0.926509,15
10.680003,459,0.114716,1.131109,-0.273875,0.322160,-0.192564,-0.011305,0.926825,15
10.703230,460,0.114588,1.131263,-0.273817,0.321155,-0.192969,-0.011452,0.927088,15
10.724377,461,0.114426,1.131417,-0.273663,0.320162,-0.193375,-0.011715,0.927343,15
10.746599,462,0.114323,1.131442,-0.273568,0.319318,-0.193546,-0.012158,0.927593,15
10.770070,463,0.114153,1.131510,-0.273464,0.318948,-0.193200,-0.012926,0.927782,15
10.791115,464,0.113951,1.131656,-0.273270,0.318634,-0.192877,-0.013291,0.927952,15
10.813566,465,0.113725,1.131746,-0.273122,0.318120,-0.192753,-0.013193,0.928155,15
10.836370,466,0.113537,1.131724,-0.273117,0.317688,-0.192557,-0.013213,0.928344,15
10.857931,467,0.113310,1.131705,-0.273057,0.317691,-0.192183,-0.013097,0.928422,15
10.880203,468,0.113047,1.131763,-0.272952,0.317739,-0.191883,-0.012793,0.928472,15
10.902652,469,0.112753,1.131836,-0.272822,0.317354,-0.191742,-0.012296,0.928639,15
10.924380,470,0.112509,1.131818,-0.272755,0.316945,-0.191760,-0.011602,0.928784,15
10.946909,471,0.112272,1.131698,-0.272761,0.316998,-0.191665,-0.011022,0.928792,15
10.969297,472,0.112000,1.131616,-0.272702,0.317300,-0.191541,-0.010618,0.928720,15
10.991297,473,0.111707,1.131568,-0.272599,0.317389,-0.191542,-0.010181,0.928694,15
11.013487,474,0.111361,1.131514,-0.272588,0.317438,-0.191747,-0.009911,0.928638,15
11.080564,475,0.110308,1.131550,-0.272452,0.317417,-0.193503,-0.008654,0.928293,15
11.103406,476,0.109933,1.131491,-0.272482,0.317231,-0.194139,-0.008583,0.928225,15
11.125140,477,0.109567,1.131486,-0.272473,0.317298,-0.194590,-0.008774,0.928106,15
11.146991,478,0.109213,1.131475,-0.272457,0.317295,-0.195155,-0.008614,0.927990,15
11.169388,479,0.108823,1.131398,-0.272539,0.317332,-0.195828,-0.008188,0.927839,15
11.191202,480,0.108448,1.131370,-0.272643,0.317448,-0.196538,-0.007849,0.927652,15
11.213723,481,0.108119,1.131318,-0.272750,0.317608,-0.197141,-0.007355,0.927473,15
11.236268,482,0.107795,1.131250,-0.272835,0.317830,-0.197707,-0.006873,0.927281,15
11.257992,483,0.107489,1.131245,-0.272841,0.317891,-0.198127,-0.006546,0.927172,15
11.280239,484,0.107197,1.131278,-0.272767,0.317622,-0.198474,-0.006316,0.927192,15
11.303168,485,0.106957,1.131297,-0.272725,0.317184,-0.198695,-0.006118,0.927296,15
11.324409,486,0.106791,1.131255,-0.272710,0.316946,-0.198796,-0.005894,0.927357,15
11.347225,487,0.106696,1.131212,-0.272700,0.316942,-0.198757,-0.005729,0.927368,15
11.369690,488,0.106618,1.131239,-0.272648,0.316942,-0.198487,-0.005538,0.927427,15
11.391436,489,0.106553,1.131294,-0.272554,0.316678,-0.198265,-0.005279,0.927566,15
11.413547,490,0.106543,1.131326,-0.272500,0.316344,-0.197918,-0.005181,0.927754,15
11.436207,491,0.106597,1.131339,-0.272536,0.316158,-0.197495,-0.005199,0.927908,15
11.458113,492,0.106646,1.131497,-0.272505,0.315960,-0.197026,-0.005338,0.928074,15
11.480131,493,0.106735,1.131681,-0.272475,0.315489,-0.196594,-0.005464,0.928325,15
11.503338,494,0.106838,1.131822,-0.272509,0.314902,-0.196160,-0.005519,0.928616,15
11.524545,495,0.106989,1.131983,-0.272543,0.314479,-0.195686,-0.005738,0.928858,15
11.547069,496,0.107132,1.132193,-0.272544,0.313996,-0.195200,-0.005852,0.929123,15
11.569927,497,0.107285,1.132333,-0.272561,0.313494,-0.194774,-0.005966,0.929381,15
11.591437,498,0.107400,1.132529,-0.272586,0.313071,-0.194332,-0.005940,0.929616,15
11.613763,499,0.107515,1.132705,-0.272583,0.312396,-0.193958,-0.006089,0.929920,15
11.636257,500,0.107652,1.132829,-0.272651,0.311812,-0.193609,-0.006387,0.930187,15
11.658012,501,0.107767,1.133057,-0.272665,0.311446,-0.193211,-0.006627,0.930391,15
11.680291,502,0.107881,1.133239,-0.272673,0.310955,-0.192909,-0.006594,0.930618,15
11.703291,503,0.107975,1.133426,-0.272700,0.310304,-0.192724,-0.006602,0.930873,15
11.724504,504,0.108078,1.133529,-0.272747,0.309680,-0.192509,-0.006669,0.931125,15
11.747422,505,0.108171,1.133657,-0.272783,0.309283,-0.192379,-0.006746,0.931284,15
11.769856,506,0.108204,1.133829,-0.272788,0.308835,-0.192295,-0.006776,0.931449,15
11.791406,507,0.108273,1.133938,-0.272791,0.308333,-0.192292,-0.006749,0.931616,15
11.813889,508,0.108325,1.134047,-0.272839,0.308015,-0.192381,-0.006877,0.931702,15
11.836331,509,0.108376,1.134190,-0.272877,0.307755,-0.192409,-0.007175,0.931780,15
11.858042,510,0.108425,1.134415,-0.272855,0.307296,-0.192433,-0.007466,0.931924,15
11.880665,511,0.108492,1.134538,-0.272875,0.306615,-0.192362,-0.007892,0.932160,15
11.903297,512,0.108603,1.134713,-0.272914,0.306118,-0.192151,-0.008375,0.932362,15
11.924610,513,0.108732,1.134983,-0.272875,0.305350,-0.191865,-0.008633,0.932671,15
11.947389,514,0.108880,1.135335,-0.272823,0.304153,-0.191353,-0.008975,0.933164,15
11.969728,515,0.109089,1.135660,-0.272838,0.302708,-0.190725,-0.009362,0.933758,15
11.991482,516,0.109336,1.136031,-0.272897,0.301324,-0.190003,-0.009548,0.934351,15
12.013792,517,0.109642,1.136559,-0.272916,0.299699,-0.189271,-0.009997,0.935017,15
12.080817,518,0.110787,1.138700,-0.273252,0.292159,-0.186137,-0.012073,0.938003,15
12.103667,519,0.111299,1.139548,-0.273475,0.289424,-0.184796,-0.012823,0.939106,15
12.125591,520,0.111901,1.140392,-0.273727,0.286610,-0.183288,-0.013646,0.940252,15
12.147430,521,0.112526,1.141278,-0.274000,0.283669,-0.181526,-0.014578,0.941471,15
12.169710,522,0.113192,1.142140,-0.274333,0.280670,-0.179638,-0.015456,0.942717,15
12.191691,523,0.113863,1.143102,-0.274592,0.277593,-0.177619,-0.016278,0.943996,15
12.213995,524,0.114577,1.144079,-0.274826,0.274252,-0.175487,-0.017065,0.945356,15
12.236584,525,0.115291,1.144993,-0.275100,0.270944,-0.173325,-0.017821,0.946694,15
12.258331,526,0.116019,1.145891,-0.275352,0.267762,-0.171213,-0.018414,0.947972,15
12.280798,527,0.116763,1.146760,-0.275652,0.264780,-0.169356,-0.018735,0.949136,15
12.303785,528,0.117511,1.147666,-0.275924,0.261894,-0.167766,-0.018821,0.950217,15
12.324971,529,0.118241,1.148614,-0.276182,0.258718,-0.166290,-0.019164,0.951339,15
12.347854,530,0.118971,1.149526,-0.276446,0.255404,-0.164918,-0.020034,0.952454,15
12.370168,531,0.119715,1.150431,-0.276806,0.252213,-0.163761,-0.020872,0.953486,15
12.392062,532,0.120463,1.151329,-0.277222,0.249266,-0.162709,-0.021755,0.954421,15
12.414189,533,0.121221,1.152402,-0.277628,0.246354,-0.161781,-0.022934,0.955307,15
12.436404,534,0.121963,1.153546,-0.278002,0.242971,-0.161046,-0.024389,0.956261,15
12.458456,535,0.122700,1.154726,-0.278412,0.239183,-0.160381,-0.026051,0.957283,15
12.480911,536,0.123453,1.155939,-0.278839,0.235221,-0.159811,-0.027852,0.958309,15
12.503926,537,0.124226,1.157090,-0.279313,0.231165,-0.159167,-0.030029,0.959337,15
12.525066,538,0.125036,1.158192,-0.279879,0.227390,-0.158324,-0.032609,0.960294,15
12.547571,539,0.125799,1.159285,-0.280435,0.224051,-0.157203,-0.035254,0.961169,15
12.570223,540,0.126565,1.160403,-0.280973,0.220657,-0.156097,-0.037008,0.962068,15
12.592214,541,0.127329,1.161456,-0.281528,0.217133,-0.154989,-0.038555,0.962988,15
12.614455,542,0.128121,1.162459,-0.282117,0.213623,-0.153840,-0.040106,0.963893,15
12.636630,543,0.128909,1.163505,-0.282640,0.210168,-0.152580,-0.041351,0.964800,15
12.658738,544,0.129716,1.164464,-0.283140,0.206535,-0.151176,-0.042257,0.965766,15
12.680997,545,0.130518,1.165454,-0.283599,0.202997,-0.149720,-0.043164,0.966702,15
12.703894,546,0.131353,1.166457,-0.284042,0.199390,-0.148160,-0.044016,0.967654,15
12.725305,547,0.132246,1.167446,-0.284429,0.195913,-0.146394,-0.044799,0.968597,15
12.748256,548,0.133114,1.168337,-0.284833,0.192531,-0.144726,-0.045192,0.969507,15
12.770171,549,0.134011,1.169119,-0.285211,0.189302,-0.143019,-0.045557,0.970379,15
12.792131,550,0.134946,1.169938,-0.285551,0.186334,-0.141131,-0.045996,0.971209,15
12.814430,551,0.135895,1.170785,-0.285830,0.183282,-0.139014,-0.046777,0.972057,15
12.836680,552,0.136814,1.171632,-0.286128,0.179997,-0.136669,-0.047941,0.972946,15
12.858887,553,0.137716,1.172418,-0.286472,0.176901,-0.134189,-0.049359,0.973788,15
12.881223,554,0.138643,1.173289,-0.286836,0.174172,-0.131833,-0.050617,0.974537,15
12.903451,555,0.139601,1.174181,-0.287244,0.171293,-0.129566,-0.051643,0.975297,15
12.925445,556,0.140592,1.175096,-0.287713,0.168120,-0.127237,-0.052641,0.976102,15
12.947739,557,0.141598,1.175907,-0.288214,0.164838,-0.124740,-0.053899,0.976915,15
12.970054,558,0.142614,1.176740,-0.288751,0.161682,-0.122005,-0.055377,0.977705,15
12.992292,559,0.143705,1.177685,-0.289274,0.158366,-0.119143,-0.056845,0.978516,15
13.014608,560,0.144840,1.178586,-0.289833,0.154823,-0.115970,-0.058020,0.979395,15
13.081529,561,0.148589,1.180894,-0.291542,0.145904,-0.105326,-0.061000,0.981783,15
13.103669,562,0.149958,1.181560,-0.292091,0.143264,-0.101090,-0.061925,0.982559,15
13.125646,563,0.151408,1.182309,-0.292587,0.140640,-0.096668,-0.062860,0.983323,15
13.148443,564,0.152989,1.182996,-0.293045,0.137844,-0.091951,-0.063686,0.984118,15
13.170605,565,0.154762,1.183623,-0.293454,0.135088,-0.086402,-0.064467,0.984952,15
13.192390,566,0.156628,1.184081,-0.293816,0.132603,-0.079672,-0.065199,0.985808,15
13.214693,567,0.158617,1.184497,-0.294089,0.130487,-0.072380,-0.066212,0.986585,15
13.237187,568,0.160919,1.184942,-0.294297,0.128468,-0.064260,-0.067097,0.987352,15
13.259376,569,0.163389,1.185319,-0.294415,0.126356,-0.054638,-0.067714,0.988162,15
13.281513,570,0.165840,1.185481,-0.294525,0.124470,-0.044126,-0.068249,0.988889,15
13.303858,571,0.168314,1.185651,-0.294594,0.123169,-0.033577,-0.069180,0.989402,15
13.325712,572,0.170887,1.185896,-0.294603,0.121798,-0.023268,-0.069758,0.989827,15
13.348047,573,0.173459,1.186013,-0.294627,0.120395,-0.013117,-0.070136,0.990159,15
13.370480,574,0.175960,1.186048,-0.294665,0.119092,-0.003074,-0.070719,0.990357,15
13.392488,575,0.178442,1.185958,-0.294742,0.118396,0.006733,-0.071566,0.990361,15
13.414959,576,0.180912,1.185976,-0.294817,0.118115,0.016120,-0.072273,0.990235,15
13.437180,577,0.183319,1.185932,-0.294878,0.117837,0.025064,-0.072554,0.990062,15
13.459320,578,0.185782,1.185944,-0.294967,0.117327,0.033683,-0.072701,0.989856,15
13.481541,579,0.188145,1.185706,-0.295148,0.117007,0.042423,-0.072849,0.989547,15
13.503800,580,0.190387,1.185392,-0.295339,0.117454,0.050818,-0.073505,0.989050,15
13.526857,581,0.192595,1.185165,-0.295512,0.118245,0.058682,-0.074240,0.988465,15
13.548130,582,0.194732,1.184956,-0.295652,0.118877,0.066140,-0.074438,0.987903,15
13.570566,583,0.196723,1.184552,-0.295792,0.119428,0.073155,-0.074690,0.987323,15
13.592742,584,0.198619,1.183995,-0.295999,0.120669,0.079725,-0.075532,0.986599,15
13.615127,585,0.200381,1.183511,-0.296112,0.122523,0.085721,-0.076363,0.985804,15
13.637558,586,0.202114,1.183131,-0.296142,0.124187,0.090871,-0.077012,0.985083,15
13.659569,587,0.203749,1.182606,-0.296188,0.125620,0.095863,-0.077628,0.984380,15
13.681637,588,0.205144,1.181873,-0.296165,0.127447,0.100378,-0.078997,0.983586,15
13.703908,589,0.206490,1.181230,-0.296066,0.129775,0.104151,-0.080520,0.982765,15
13.727549,590,0.207762,1.180691,-0.295867,0.131980,0.107162,-0.081542,0.982063,15
13.748088,591,0.208867,1.180087,-0.295612,0.133784,0.109615,-0.082551,0.981464,15
13.770485,592,0.209905,1.179485,-0.295294,0.135653,0.111361,-0.083674,0.980916,15
13.792671,593,0.211175,1.179517,-0.294605,0.137147,0.112465,-0.083961,0.980557,15
13.814891,594,0.212654,1.179908,-0.293544,0.135911,0.113202,-0.081782,0.980829,15
13.837212,595,0.213785,1.178414,-0.293017,0.134451,0.114040,-0.080577,0.981033,15
13.859727,596,0.214741,1.176808,-0.292819,0.137481,0.115427,-0.085042,0.980073,15
13.881941,597,0.215867,1.176006,-0.292295,0.142611,0.117507,-0.090929,0.978563,15
13.904013,598,0.217006,1.175182,-0.291650,0.146909,0.119298,-0.093612,0.977457,15
13.926853,599,0.217936,1.173695,-0.291222,0.151086,0.120510,-0.094900,0.976547,15
13.948348,600,0.218845,1.172392,-0.290796,0.155495,0.121718,-0.097138,0.975485,15
13.970963,601,0.219764,1.171323,-0.290283,0.159376,0.123089,-0.099060,0.974493,15
13.992732,602,0.220568,1.170172,-0.289706,0.162793,0.124473,-0.100673,0.973586,15
14.015164,603,0.221319,1.169162,-0.289095,0.165726,0.125669,-0.101889,0.972811,15
14.081972,604,0.223292,1.165118,-0.287632,0.176910,0.128733,-0.106002,0.969997,15
14.104042,605,0.223913,1.163750,-0.287172,0.182135,0.129763,-0.106708,0.968815,15
14.126074,606,0.224503,1.162598,-0.286592,0.186521,0.130757,-0.106858,0.967830,15
14.148607,607,0.224947,1.161161,-0.286153,0.190559,0.131928,-0.107393,0.966824,15
14.170955,608,0.225447,1.160029,-0.285616,0.194763,0.132943,-0.108045,0.965774,15
14.192812,609,0.225839,1.158956,-0.284974,0.198243,0.133798,-0.108308,0.964918,15
14.215104,610,0.226136,1.157725,-0.284487,0.201709,0.134453,-0.108754,0.964058,15
14.237653,611,0.226441,1.156485,-0.284001,0.205605,0.134931,-0.109707,0.963060,15
14.261106,612,0.226841,1.155401,-0.283441,0.209338,0.135318,-0.110353,0.962127,15
14.281944,613,0.227327,1.154337,-0.282902,0.212598,0.135872,-0.110640,0.961301,15
14.304177,614,0.227726,1.153225,-0.282473,0.215815,0.136738,-0.111338,0.960380,15
14.326133,615,0.228077,1.152193,-0.282172,0.218822,0.137574,-0.112071,0.959495,15
14.348619,616,0.228340,1.151367,-0.281845,0.221211,0.138085,-0.112426,0.958832,15
14.371070,617,0.228566,1.150626,-0.281522,0.223011,0.138392,-0.112702,0.958338,15
14.392942,618,0.228657,1.150030,-0.281250,0.224547,0.138550,-0.113012,0.957920,15
14.415380,619,0.228653,1.149535,-0.280956,0.225835,0.138462,-0.113473,0.957576,15
14.438072,620,0.228625,1.149252,-0.280621,0.226871,0.137910,-0.113762,0.957376,15
14.459853,621,0.228573,1.149060,-0.280376,0.227506,0.137088,-0.113656,0.957356,15
14.481916,622,0.228507,1.148887,-0.280225,0.227986,0.136242,-0.113515,0.957379,15
14.505015,623,0.228418,1.148830,-0.280080,0.228297,0.135522,-0.113517,0.957407,15
14.526385,624,0.228369,1.148811,-0.279975,0.228350,0.134817,-0.113621,0.957482,15
14.549035,625,0.228254,1.148855,-0.279940,0.228422,0.134253,-0.113817,0.957521,15
14.571211,626,0.228163,1.148926,-0.279908,0.228353,0.133708,-0.113959,0.957596,15
14.593184,627,0.227984,1.149024,-0.279902,0.228140,0.133144,-0.114134,0.957705,15
14.615436,628,0.227782,1.149086,-0.279902,0.228042,0.132577,-0.114722,0.957736,15
14.637832,629,0.227548,1.149249,-0.279834,0.227692,0.131838,-0.115892,0.957781,15
14.660241,630,0.227193,1.149459,-0.279678,0.226906,0.130789,-0.117617,0.957901,15
14.682043,631,0.226737,1.149671,-0.279514,0.226082,0.128924,-0.119675,0.958094,15
14.704878,632,0.226304,1.149911,-0.279368,0.225245,0.126379,-0.121452,0.958406,15
14.726413,633,0.225778,1.150039,-0.279282,0.224449,0.123561,-0.122823,0.958786,15
14.748892,634,0.225233,1.150205,-0.279203,0.223778,0.120691,-0.124240,0.959126,15
14.771115,635,0.224692,1.150419,-0.279116,0.223161,0.117970,-0.125429,0.959453,15
14.793097,636,0.224164,1.150688,-0.279004,0.222509,0.115411,-0.126387,0.959790,15
14.815471,637,0.223673,1.150961,-0.278889,0.221580,0.113082,-0.127121,0.960185,15
14.838743,638,0.223237,1.151180,-0.278852,0.220678,0.111274,-0.127544,0.960548,15
14.860178,639,0.222835,1.151378,-0.278826,0.219956,0.109873,-0.127849,0.960834,15
14.882161,640,0.222496,1.151565,-0.278794,0.219215,0.108904,-0.127974,0.961097,15
14.905019,641,0.222176,1.151703,-0.278790,0.218576,0.108206,-0.127992,0.961319,15
14.926510,642,0.221889,1.151910,-0.278742,0.217992,0.107699,-0.127955,0.961513,15
14.948900,643,0.221610,1.152073,-0.278690,0.217405,0.107238,-0.127561,0.961750,15
14.971238,644,0.221230,1.152227,-0.278661,0.216949,0.106669,-0.127143,0.961972,15
14.993898,645,0.220553,1.152494,-0.278513,0.216393,0.105618,-0.126831,0.962254,15
15.015585,646,0.219489,1.152801,-0.278325,0.215636,0.103233,-0.126817,0.962685,15
15.081527,647,0.214210,1.154236,-0.277737,0.214283,0.083588,-0.127400,0.964813,15
15.105048,648,0.211814,1.154840,-0.277545,0.212903,0.073477,-0.127008,0.965993,15
15.127873,649,0.209117,1.155532,-0.277344,0.211470,0.062503,-0.127277,0.967044,15
15.148831,650,0.206091,1.156312,-0.277160,0.210122,0.050566,-0.127465,0.968011,15
15.171485,651,0.202838,1.157200,-0.277021,0.208886,0.037647,-0.127435,0.968870,15
15.193787,652,0.199348,1.158198,-0.276897,0.207280,0.024013,-0.126806,0.969731,15
15.215488,653,0.195687,1.159062,-0.276924,0.205450,0.009799,-0.125757,0.970505,15
15.237981,654,0.191651,1.159992,-0.277109,0.204005,-0.004723,-0.124349,0.971029,15
15.260119,655,0.187457,1.160952,-0.277445,0.203226,-0.019609,-0.122097,0.971291,15
15.282081,656,0.183140,1.162322,-0.277910,0.202650,-0.033670,-0.118801,0.971435,15
15.305079,657,0.177536,1.164439,-0.278052,0.200427,-0.046989,-0.113896,0.971930,15
15.326503,658,0.170891,1.166559,-0.278283,0.194905,-0.064478,-0.109318,0.972576,15
15.348889,659,0.164121,1.168119,-0.279397,0.189692,-0.087912,-0.103102,0.972450,15
15.371333,660,0.157341,1.168935,-0.281306,0.187447,-0.113369,-0.094013,0.971171,15
15.393707,661,0.150525,1.169540,-0.283564,0.187609,-0.138345,-0.083380,0.968871,15
15.415652,662,0.143432,1.169932,-0.285931,0.188547,-0.162293,-0.073897,0.965738,15
15.438876,663,0.136392,1.169996,-0.288506,0.190093,-0.185301,-0.065886,0.961867,15
15.460511,664,0.129648,1.170310,-0.290898,0.191276,-0.206490,-0.058676,0.957775,15
15.482172,665,0.122940,1.170684,-0.293262,0.191198,-0.226208,-0.051166,0.953759,15
15.504680,666,0.116004,1.170815,-0.296049,0.190725,-0.246275,-0.042413,0.949302,15
15.526601,667,0.109290,1.170774,-0.299029,0.190471,-0.266287,-0.034981,0.944240,15
15.549062,668,0.102089,1.171046,-0.302225,0.189941,-0.285928,-0.030412,0.938745,15
15.571179,669,0.094122,1.171343,-0.306111,0.189245,-0.308078,-0.026941,0.931959,15
15.593790,670,0.085744,1.171279,-0.310638,0.188725,-0.335336,-0.023301,0.922708,15
15.615611,671,0.078243,1.170689,-0.315796,0.189490,-0.365377,-0.017725,0.911197,15
15.637880,672,0.070901,1.170048,-0.321472,0.191541,-0.393755,-0.012871,0.898946,15
15.660372,673,0.063879,1.169139,-0.327403,0.195144,-0.420523,-0.008215,0.886009,15
15.682143,674,0.057641,1.167654,-0.333368,0.199475,-0.445276,-0.000393,0.872891,15
15.704417,675,0.052179,1.166369,-0.338854,0.203405,-0.466906,0.009452,0.860544,15
15.727623,676,0.047158,1.165070,-0.343792,0.205927,-0.484568,0.017884,0.849981,15
15.748885,677,0.042961,1.163357,-0.348432,0.208721,-0.498481,0.025194,0.841022,15
15.771441,678,0.039423,1.161529,-0.352359,0.212488,-0.508308,0.033199,0.833888,15
15.793564,679,0.036350,1.159528,-0.355618,0.216935,-0.514008,0.041482,0.828863,15
15.815473,680,0.033775,1.157265,-0.358282,0.222105,-0.516228,0.048708,0.825715,15
15.837914,681,0.031857,1.154634,-0.360410,0.228269,-0.515475,0.057202,0.823958,15
15.860801,682,0.030360,1.152137,-0.361872,0.235322,-0.512386,0.066125,0.823233,15
15.882170,683,0.028605,1.150336,-0.362826,0.241049,-0.508106,0.072524,0.823689,15
15.904422,684,0.027168,1.148496,-0.363446,0.244943,-0.504115,0.078382,0.824456,15
15.927483,685,0.025937,1.146890,-0.363638,0.247773,-0.500524,0.084974,0.825145,15
15.948933,686,0.024367,1.146136,-0.363384,0.248781,-0.497021,0.089926,0.826433,15
15.971354,687,0.022997,1.145696,-0.363016,0.246974,-0.494341,0.092105,0.828340,15
15.993398,688,0.022278,1.144944,-0.362600,0.245651,-0.492393,0.094621,0.829610,15
16.015577,689,0.021942,1.144412,-0.362065,0.246205,-0.490153,0.096528,0.830551,15
16.038003,690,0.021584,1.144440,-0.361078,0.247463,-0.486680,0.096323,0.832242,15
16.094641,691,0.021672,1.144858,-0.357682,0.246451,-0.474078,0.092417,0.840221,15
16.115649,692,0.022491,1.145024,-0.356130,0.247011,-0.467504,0.090952,0.843892,15
16.137977,693,0.023406,1.145363,-0.354340,0.247556,-0.459865,0.089291,0.848096,15
16.160381,694,0.024401,1.146048,-0.352301,0.246713,-0.452037,0.086990,0.852777,15
16.182339,695,0.026098,1.147005,-0.349783,0.244237,-0.443635,0.084509,0.858134,15
16.204725,696,0.028380,1.147879,-0.347068,0.241093,-0.433114,0.082281,0.864590,15
16.226812,697,0.031059,1.148555,-0.344398,0.238400,-0.420826,0.080728,0.871524,15
16.249043,698,0.033863,1.149231,-0.341768,0.236935,-0.407124,0.078284,0.878626,15
16.271232,699,0.036851,1.149917,-0.339191,0.235805,-0.393020,0.075873,0.885536,15
16.293698,700,0.040686,1.150423,-0.336368,0.234806,-0.379274,0.075474,0.891808,15
16.316293,701,0.045062,1.150795,-0.333535,0.233993,-0.363822,0.076438,0.898353,15
16.337810,702,0.049454,1.151322,-0.330652,0.233079,-0.346750,0.077484,0.905226,15
16.360104,703,0.053842,1.152855,-0.327267,0.230218,-0.329060,0.075893,0.912666,15
16.382392,704,0.058848,1.154358,-0.323842,0.225134,-0.310459,0.072361,0.920703,15
16.404619,705,0.064222,1.155778,-0.320586,0.220207,-0.290899,0.069263,0.928488,15
16.427290,706,0.069931,1.157112,-0.317417,0.215898,-0.271160,0.066042,0.935681,15
16.448911,707,0.076418,1.158452,-0.314209,0.212578,-0.250691,0.062211,0.942388,15
16.471157,708,0.083434,1.159747,-0.311080,0.209358,-0.226800,0.058113,0.949396,15
16.493950,709,0.090279,1.160591,-0.308292,0.207048,-0.200785,0.053739,0.955996,15
16.516320,710,0.096936,1.161753,-0.305673,0.205160,-0.175867,0.048854,0.961558,15
16.537853,711,0.103677,1.162924,-0.303345,0.202493,-0.152423,0.044005,0.966347,15
16.560156,712,0.111057,1.164151,-0.301152,0.199594,-0.129896,0.039335,0.970434,15
16.582452,713,0.118747,1.165362,-0.299203,0.195809,-0.105078,0.035028,0.974367,15
16.604619,714,0.126282,1.166069,-0.297665,0.192700,-0.079464,0.030002,0.977575,15
16.626886,715,0.133484,1.166904,-0.296257,0.189990,-0.054243,0.023841,0.979997,15
16.649008,716,0.140383,1.167709,-0.295167,0.186917,-0.030857,0.016922,0.981745,15
16.671148,717,0.146872,1.168288,-0.294415,0.184514,-0.009950,0.011192,0.982716,15
16.693781,718,0.152913,1.168952,-0.293804,0.182428,0.007371,0.007227,0.983165,15
16.716372,719,0.158054,1.169657,-0.293117,0.179509,0.021037,0.003538,0.983525,15
16.738038,720,0.162340,1.170083,-0.292606,0.176309,0.030172,-0.001678,0.983871,15
16.760588,721,0.166220,1.170497,-0.292345,0.173916,0.035233,-0.008475,0.984094,15
16.782536,722,0.169590,1.170814,-0.292268,0.172317,0.038332,-0.015424,0.984175,15
16.804656,723,0.172283,1.170880,-0.292273,0.171787,0.040204,-0.022154,0.984064,15
16.826919,724,0.174688,1.171065,-0.292237,0.171865,0.040162,-0.028495,0.983889,15
16.848995,725,0.177003,1.171361,-0.292283,0.171516,0.039394,-0.033682,0.983817,15
16.871372,726,0.178888,1.171543,-0.292443,0.170616,0.039324,-0.037845,0.983825,15
16.893895,727,0.180441,1.171773,-0.292518,0.169791,0.039237,-0.041505,0.983824,15
16.917900,728,0.181668,1.172131,-0.292496,0.168489,0.038381,-0.045123,0.983922,15
16.938168,729,0.182499,1.172507,-0.292523,0.166619,0.037202,-0.048893,0.984106,15
16.960655,730,0.183036,1.173003,-0.292478,0.164520,0.036167,-0.052605,0.984306,15
16.982390,731,0.183262,1.173497,-0.292346,0.162769,0.035116,-0.054660,0.984523,15
17.004711,732,0.183245,1.173993,-0.292144,0.161341,0.032934,-0.054368,0.984850,15
17.027362,733,0.183070,1.174268,-0.292011,0.160153,0.029802,-0.052752,0.985231,15
17.094073,734,0.181876,1.174926,-0.291753,0.157857,0.021149,-0.050535,0.985941,15
17.117457,735,0.181288,1.175093,-0.291644,0.157490,0.018619,-0.050099,0.986073,15
17.138223,736,0.180692,1.175286,-0.291615,0.156980,0.016003,-0.049918,0.986210,15
17.160299,737,0.180092,1.175496,-0.291580,0.156365,0.013472,-0.049893,0.986346,15
17.182473,738,0.179448,1.175755,-0.291577,0.155603,0.011037,-0.049990,0.986492,15
17.204607,739,0.178791,1.176000,-0.291638,0.154681,0.008821,-0.050267,0.986646,15
17.226983,740,0.178077,1.176217,-0.291744,0.153854,0.006695,-0.050640,0.986772,15
17.249060,741,0.177395,1.176435,-0.291885,0.153106,0.004643,-0.050842,0.986890,15
17.271366,742,0.176747,1.176720,-0.292065,0.152340,0.002745,-0.051074,0.987004,15
17.293883,743,0.176023,1.177006,-0.292253,0.151396,0.001086,-0.051282,0.987141,15
17.316591,744,0.175272,1.177338,-0.292448,0.150319,-0.000331,-0.051406,0.987300,15
17.337982,745,0.174567,1.177683,-0.292639,0.149115,-0.001606,-0.051182,0.987493,15
17.360179,746,0.173800,1.177956,-0.292842,0.147951,-0.002837,-0.050570,0.987697,15
17.382467,747,0.173085,1.178259,-0.293040,0.146992,-0.004067,-0.049714,0.987879,15
17.404694,748,0.172389,1.178555,-0.293189,0.145922,-0.005120,-0.048781,0.988079,15
17.427011,749,0.171683,1.178795,-0.293324,0.144958,-0.006167,-0.047733,0.988267,15
17.449151,750,0.170970,1.178974,-0.293448,0.144146,-0.007127,-0.046719,0.988427,15
17.471478,751,0.170337,1.179165,-0.293599,0.143552,-0.008147,-0.045736,0.988552,15
17.494118,752,0.169720,1.179445,-0.293713,0.142902,-0.009284,-0.044886,0.988675,15
17.516504,753,0.169135,1.179778,-0.293820,0.141852,-0.010657,-0.044491,0.988830,15
17.538184,754,0.168622,1.180022,-0.294019,0.140585,-0.012134,-0.044614,0.988989,15
17.560757,755,0.168109,1.180263,-0.294287,0.139655,-0.013744,-0.045091,0.989078,15
17.582529,756,0.167695,1.180629,-0.294541,0.138861,-0.015596,-0.045656,0.989136,15
