ts_s,frame,accel_x,accel_y,accel_z,gyro_x,gyro_y,gyro_z
0.048722,0,0.000000,0.000000,0.000000,-0.021472,0.005011,0.032269
0.092407,1,-0.039077,0.055982,0.129831,-0.012297,-0.006705,0.032875
0.135656,2,-0.063002,-0.229603,0.050332,0.008631,-0.025711,0.031542
0.179282,3,-0.067078,-0.006247,0.065710,0.050830,-0.054095,0.031530
0.213520,4,-0.044943,-0.060681,-0.034549,0.057499,-0.084442,0.023563
0.248945,5,0.016904,-0.045577,-0.095228,0.075343,-0.096159,0.009692
0.289546,6,0.194563,0.310763,-0.182979,0.050154,-0.071379,0.016239
0.334698,7,0.075739,-0.033432,-0.151057,0.015799,-0.004977,-0.014266
0.369088,8,-0.008006,0.114046,0.029864,0.009314,0.026084,0.013042
0.412238,9,0.000173,-0.038498,0.015329,-0.012186,0.028049,0.028055
0.456447,10,-0.055377,0.077931,0.080633,-0.011254,0.026742,0.014616
0.500759,11,-0.156638,-0.220981,0.074153,-0.012551,-0.000710,-0.014001
0.535227,12,-0.146884,0.028143,0.110305,0.005559,-0.026796,-0.015877
0.578842,13,-0.133898,0.123507,0.072220,0.012460,-0.054080,0.011276
0.613217,14,-0.090206,-0.072251,-0.008422,0.016466,-0.085626,0.040182
0.656715,15,0.004497,-0.071678,-0.136522,0.032834,-0.101059,0.023282
0.690050,16,0.048342,0.199610,-0.108883,0.026465,-0.094800,0.042589
0.725945,17,0.046874,0.102480,-0.080520,0.007122,-0.092181,0.041378
0.767723,18,0.085476,0.182971,-0.068998,-0.039883,-0.068948,0.019758
0.801487,19,-0.016590,0.086437,0.060778,-0.078232,-0.055926,0.014912
0.835420,20,0.004160,0.077230,0.049559,-0.097517,-0.056990,0.023811
0.880015,21,0.023211,-0.392269,-0.017925,-0.081093,-0.059119,0.017697
0.913496,22,0.062914,0.004138,-0.061036,-0.028686,-0.054613,0.028061
0.956858,23,0.187387,-0.262942,-0.151951,0.020727,-0.027846,0.042466
0.990483,24,0.156198,-0.067994,-0.236543,0.051631,0.012913,0.010619
1.051492,25,0.027813,0.011269,-0.056399,0.063083,0.041508,-0.006100
1.090185,26,-0.143975,0.355705,-0.013829,0.029494,0.056182,-0.046916
1.124689,27,-0.104658,0.073295,0.051134,-0.000494,0.044877,-0.042798
1.168263,28,-0.049790,0.011012,0.078418,-0.027074,0.030786,-0.039713
1.213942,29,-0.080160,0.073798,0.137257,-0.057178,0.013855,-0.034120
1.256824,30,-0.053037,-0.028681,0.140885,-0.058908,-0.005185,-0.006145
1.290306,31,0.013012,-0.032493,0.143757,-0.053447,-0.019032,0.004786
1.324974,32,0.078724,-0.079342,0.066710,-0.037468,-0.025254,0.009325
1.368078,33,0.131618,-0.080062,0.053705,-0.013621,-0.022878,0.016759
1.401570,34,0.124914,-0.111261,0.048790,0.001293,-0.016075,0.020366
1.435455,35,0.144520,-0.097464,-0.020452,0.016155,-0.003214,0.012031
1.479817,36,0.095569,-0.113193,-0.048585,0.050028,0.014820,0.006362
1.683791,37,0.006853,0.010490,0.015208,0.053225,0.023421,0.002593
1.748218,38,0.040619,0.104934,-0.079252,0.005156,0.009093,-0.013067
1.791779,39,-0.019882,-0.069158,-0.067437,0.006221,0.010571,-0.012823
1.826610,40,0.005753,-0.028038,-0.037430,0.012890,0.007787,-0.021914
1.861646,41,-0.029008,0.028503,0.002465,0.015020,0.006556,-0.028524
1.896236,42,-0.042495,0.156902,0.064968,0.007807,0.003361,-0.025119
1.930391,43,-0.063890,-0.037298,-0.030776,0.000483,0.004594,-0.018880
1.964532,44,-0.047200,-0.150496,-0.044330,0.010105,-0.004338,-0.025405
1.998297,45,-0.026924,0.099932,-0.063262,0.029685,-0.003189,-0.026197
2.077360,46,-0.007333,-0.030810,-0.017012,0.033541,0.005495,-0.016528
2.116354,47,-0.211682,0.162139,0.047292,0.001573,-0.014986,0.002588
2.160095,48,-0.034784,0.146730,0.091348,-0.010589,-0.036046,0.010701
2.193472,49,0.013966,0.006035,0.019311,-0.029595,-0.045222,0.010205
2.238182,50,0.054793,-0.148036,-0.012813,-0.035082,-0.047929,0.018282
2.282306,51,0.073809,0.092086,0.062546,-0.020006,-0.044565,0.014467
2.315837,52,0.052150,-0.047073,-0.026133,-0.013614,-0.038173,0.017420
2.359928,53,0.069992,-0.203723,-0.029810,0.016493,-0.032469,0.009647
2.404862,54,0.068221,-0.000964,-0.030375,0.039664,-0.023778,-0.005314
2.438213,55,0.083121,-0.136012,0.001461,0.056055,-0.013292,-0.006435
2.482124,56,0.032324,-0.068492,-0.024419,0.086516,0.003342,-0.019427
2.515687,57,0.084675,-0.209437,-0.053375,0.099467,0.020554,-0.023906
2.560030,58,0.428519,-0.135666,-0.221943,0.150167,0.071033,-0.034119
2.605502,59,0.727733,-0.274258,-0.524756,0.189051,0.259487,-0.070116
2.648963,60,0.222613,-0.127186,-0.131808,0.227425,0.422862,-0.131277
2.682435,61,0.048914,0.202366,-0.001585,0.212102,0.500250,-0.134461
2.726927,62,-0.081140,-0.075797,0.077347,0.209840,0.531632,-0.139033
2.760303,63,0.152245,0.185466,-0.135913,0.193207,0.556788,-0.147456
2.804891,64,-0.176994,-0.025787,0.193553,0.180412,0.562805,-0.114821
2.838735,65,-0.283505,0.018903,0.369541,0.188657,0.514013,-0.105222
2.887288,66,-0.157442,0.033640,0.339283,0.157410,0.416144,-0.095786
2.920741,67,-0.325943,-0.209338,0.303862,0.178137,0.320815,-0.095769
2.954348,68,-0.133976,0.178874,0.213006,0.174586,0.242363,-0.082321
2.998828,69,-0.218316,-0.171403,0.137813,0.202380,0.149333,-0.058451
3.085864,70,-0.024574,0.001909,0.021103,0.209558,0.112182,-0.048776
3.121526,71,-0.231188,0.575014,-0.179663,0.142941,0.012949,-0.000370
3.165788,72,-0.099661,0.524202,-0.048647,0.075429,-0.004748,0.040853
3.199742,73,-0.245833,0.111177,-0.040652,0.006670,-0.036051,0.053683
3.243535,74,-0.421213,-0.026184,0.202628,-0.006155,-0.135397,0.097071
3.288315,75,-0.492601,-0.266231,0.282465,0.050968,-0.285819,0.162309
3.332602,76,-0.286702,0.068651,0.160786,0.090045,-0.415271,0.199955
3.377130,77,-0.130770,0.062950,-0.014547,0.069342,-0.478364,0.186959
3.410996,78,-0.035688,0.220325,-0.007201,0.039514,-0.491557,0.184635
3.454839,79,-0.006094,-0.027130,0.013930,0.048667,-0.500078,0.256172
3.488229,80,0.120179,-0.142339,-0.019217,0.046837,-0.497536,0.264996
3.521837,81,0.081523,-0.832114,0.023157,0.112455,-0.487572,0.259082
3.565880,82,0.042885,-0.413445,-0.269133,0.214650,-0.481777,0.237216
3.600070,83,0.118365,-0.035728,-0.407938,0.264561,-0.455967,0.214247
3.643588,84,0.069224,-0.428740,-0.361108,0.319966,-0.425407,0.191891
3.688307,85,-0.093024,-0.881355,-0.308376,0.449504,-0.384382,0.186492
3.732468,86,-0.082008,-0.676123,-0.546396,0.736840,-0.384224,0.250962
3.766029,87,0.241153,1.047456,-0.287634,0.641067,-0.324256,0.168880
3.800009,88,0.268299,0.712001,-0.023014,0.548779,-0.277273,0.131847
3.843849,89,0.290986,1.763521,-0.095294,0.219303,-0.151413,0.186582
3.888643,90,-0.198691,-0.500051,-0.314435,0.085208,-0.074734,0.059533
3.933019,91,0.467714,-0.619050,-0.632758,0.056818,0.049394,-0.066225
3.977174,92,0.157118,-0.509781,-0.039747,0.260603,0.230735,-0.092221
4.010529,93,0.018038,1.336050,0.705150,0.288283,0.265236,0.026322
4.075409,94,-0.054353,0.218941,0.189939,0.241871,0.268955,0.032829
4.111132,95,-1.622226,-1.244349,1.690782,0.185760,-0.089837,-0.001981
4.155513,96,0.013315,1.544580,1.086652,0.072376,-0.201354,0.052718
4.189308,97,0.575644,-0.831652,-0.169086,-0.032552,-0.232708,0.076453
4.233321,98,0.401153,-0.688166,-0.461381,0.071851,-0.221014,0.101814
4.277235,99,0.550762,0.364492,-0.106497,0.050124,-0.113144,-0.043823
4.311087,100,0.068232,0.240103,0.488316,0.024888,-0.045677,0.032947
4.355717,101,-0.137473,-1.367396,-0.203583,0.146317,0.027006,0.024932
4.389299,102,-0.908055,-0.479477,0.597587,0.347313,-0.034379,0.093821
4.433190,103,-0.939222,1.072622,-1.121747,0.353845,-0.162902,-0.097103
4.477363,104,0.934980,-0.296762,1.173971,0.368207,-0.068799,0.154601
4.511121,105,-0.197157,0.327632,-0.692632,0.276930,-0.168221,0.139374
4.555473,106,0.133640,0.877450,-0.079216,0.161840,-0.122923,0.080151
4.588896,107,0.359407,0.851750,-0.540431,-0.096867,-0.082841,0.098968
4.633228,108,0.099026,-0.157467,-0.283276,-0.149192,-0.061424,-0.014359
4.666647,109,0.568928,-0.339446,-0.279983,-0.092394,-0.039573,-0.032139
4.711181,110,0.456907,-0.320009,0.036996,-0.056561,0.058954,-0.092803
4.755566,111,0.077361,-0.201479,0.083164,-0.009865,0.025822,-0.048596
4.789474,112,0.646248,-1.500050,-0.152877,0.064033,0.048160,-0.307471
4.833244,113,-1.127126,0.590982,1.159448,-0.001051,-0.228489,-0.425313
4.866624,114,0.116758,1.785409,-0.268433,-0.135976,-0.098809,-0.272496
4.899993,115,0.401019,0.190457,0.003414,-0.244512,-0.006062,-0.222753
4.944384,116,-0.382420,0.265233,0.958432,-0.309409,0.002071,-0.058587
4.989572,117,0.186919,-0.419852,-0.735441,-0.503115,-0.009987,-0.058122
5.077759,118,-0.090803,-0.112276,-0.046607,-0.428624,-0.061918,-0.042514
5.111409,119,0.544494,-0.369995,-0.428775,-0.031105,0.038243,0.043002
5.155598,120,-0.010263,0.102392,0.199491,0.046481,0.030099,0.005515
5.189525,121,-0.595911,0.541336,0.071202,-0.047893,0.006497,0.004274
5.233195,122,-0.182676,-3.994809,-0.863438,0.148779,-0.119573,-0.284901
5.266789,123,-0.281113,4.144339,1.558326,0.494067,-0.166861,0.045659
5.300304,124,0.306851,-0.573152,-0.303973,0.491868,-0.172597,0.020925
5.344571,125,-0.476187,0.940187,-0.207126,0.344939,-0.174525,-0.257765
5.388879,126,0.742471,-0.787760,-0.373023,0.171676,-0.095717,-0.424644
5.422310,127,1.127922,-0.307432,-0.193687,0.257637,0.023050,-0.161092
5.455928,128,-0.379244,1.548027,0.409454,0.193942,0.081952,0.060557
5.500412,129,-0.070212,0.540848,0.088795,0.068444,0.176850,0.347402
5.544436,130,0.506147,-1.852492,-1.124596,0.095710,0.345886,0.443629
5.588932,131,-0.998675,0.099014,1.389151,0.257566,0.305828,0.457255
5.622432,132,-0.402993,1.936229,1.520403,0.101900,0.144940,0.349804
5.655824,133,0.581903,-1.773488,-1.307864,-0.027793,0.204253,0.120820
5.689341,134,-1.786027,0.101325,0.349134,0.177131,0.060809,-0.075911
5.733471,135,-0.376059,0.861574,0.412558,0.115201,-0.290159,0.193710
5.766847,136,0.194517,-0.637057,-0.860132,0.089114,-0.386386,0.117787
5.801025,137,0.842665,-0.324961,-0.698389,0.117355,-0.309762,-0.036754
5.844548,138,0.250888,-0.515448,-0.557164,0.210943,-0.193068,-0.052293
5.877986,139,0.720586,0.421561,0.355642,0.229781,-0.047240,-0.024504
5.912679,140,-0.510319,-0.211083,-0.359444,0.270598,-0.009954,0.036870
5.955953,141,0.180513,0.947260,0.170327,0.179040,-0.010572,0.006903
5.989924,142,0.286275,0.581775,-0.270917,0.015242,-0.007565,-0.028501
6.088868,143,0.176122,-0.210995,-0.273964,0.055427,0.121369,-0.033051
6.122854,144,-0.638895,0.683816,0.469142,0.008132,0.110798,0.076382
6.156232,145,0.008735,-0.234593,-0.358356,-0.019010,0.057293,-0.030166
6.201452,146,-0.288369,0.203885,0.281888,-0.034757,-0.032875,0.001970
6.244946,147,0.790481,0.207670,-0.329590,-0.084825,0.074864,-0.005519
6.278383,148,-0.419741,0.264260,-0.085051,-0.092925,0.092488,0.045636
6.312094,149,-0.116016,-0.106996,-0.015864,-0.077168,0.076755,-0.014747
6.356272,150,-0.062264,-0.169473,0.081131,-0.089054,0.064270,-0.016005
6.389624,151,-0.634542,-1.345457,0.711647,-0.037284,-0.056826,-0.023409
6.423069,152,0.599397,0.693953,-0.064955,0.005343,-0.023595,-0.006241
6.467550,153,-0.516695,-0.611100,0.112299,0.054027,-0.088886,0.063587
6.511792,154,0.453278,-0.118426,0.152232,0.164500,-0.023903,-0.044192
6.545321,155,0.166880,0.534274,0.492728,0.127210,-0.012838,-0.051610
6.578853,156,0.092952,1.279355,0.219960,-0.012496,0.025733,0.060168
6.622839,157,-0.128243,-0.706624,-0.324376,-0.024381,-0.045637,0.020019
6.656410,158,0.145214,-0.225583,-0.217023,-0.001849,-0.048120,-0.071415
6.689884,159,-0.060696,0.235774,0.186081,-0.029002,-0.049351,-0.144542
6.734867,160,0.349061,0.069926,-0.221953,-0.011425,0.079038,-0.108423
6.778936,161,-0.164214,0.259780,0.018628,-0.037669,0.145364,-0.042643
6.823404,162,-0.242577,-0.229269,-0.028041,0.003065,0.144956,0.017511
6.867689,163,-0.488292,-0.462742,0.738345,0.017094,-0.001873,-0.041136
6.902197,164,-0.510011,-0.091071,-0.401301,0.088342,-0.189069,-0.210011
6.945744,165,1.216679,0.522607,-0.382186,0.060942,-0.023681,0.012879
6.979148,166,0.579909,0.521805,0.045957,-0.016656,0.125267,-0.086961
7.012563,167,-0.380375,-0.499758,-0.231990,0.002513,0.107160,-0.042653
7.091631,168,0.182186,0.084363,-0.222572,-0.005459,0.190286,-0.074900
7.135319,169,0.461180,0.606200,-0.546335,-0.105717,0.338376,-0.132279
7.179179,170,-0.469397,0.249631,0.694979,-0.160624,0.281175,-0.229821
7.223723,171,0.393041,-0.641534,-0.834313,-0.118195,0.285496,-0.198566
7.268388,172,0.505266,1.123571,0.806875,-0.274198,0.324890,-0.327366
7.312709,173,-0.247976,-0.524140,-0.425094,-0.213710,0.357093,-0.269697
7.346116,174,-0.133472,0.847295,0.622870,-0.212807,0.279296,-0.221572
7.379468,175,-0.071750,-1.251642,-0.648970,-0.214609,0.287332,-0.265147
7.423722,176,-0.318905,0.466642,0.433008,-0.191880,0.186586,-0.143795
7.457131,177,-1.011713,1.589117,0.575057,-0.341017,0.020984,0.093903
7.490954,178,0.172094,-0.375252,-0.747800,-0.396401,-0.010472,0.048248
7.535363,179,0.924549,0.518444,-0.530713,-0.470722,0.217415,-0.044892
7.580013,180,-0.232712,1.306254,-0.336496,-0.638605,0.267417,0.173750
7.624203,181,-0.141241,0.951181,0.049216,-0.915942,0.274684,-0.003337
7.668819,182,-0.053268,-0.570269,-0.605676,-1.053817,0.288921,-0.034777
7.702313,183,-0.141550,-0.546542,-0.176624,-0.960066,0.262723,-0.053707
7.735764,184,-0.255189,-0.088143,0.124937,-0.938597,0.207163,-0.048877
7.780131,185,-0.201194,-0.192367,0.324861,-0.849152,0.074892,-0.018732
7.813580,186,0.080936,-0.102957,0.526274,-0.874755,-0.023634,-0.010146
7.847085,187,-0.086336,-1.204850,0.278188,-0.790029,-0.113338,-0.047224
7.891227,188,0.154901,0.384206,0.685416,-0.741735,-0.167945,-0.177131
7.924629,189,-0.154325,-0.616077,0.396274,-0.785512,-0.176712,-0.201607
7.958249,190,-0.348849,0.636424,0.668525,-0.773395,-0.213997,-0.168680
7.991599,191,-0.236287,-0.909348,0.307149,-0.768047,-0.237712,-0.145299
8.093767,192,-0.284078,-0.456587,0.236259,-0.525434,-0.347448,-0.039779
8.135827,193,-0.786122,-0.590564,0.787527,-0.141427,-0.579704,0.223416
8.180458,194,-0.206309,-0.534230,0.193373,-0.020907,-0.587551,0.222555
8.214590,195,-0.481799,0.383034,0.474241,0.019697,-0.632649,0.271382
8.257952,196,-0.243119,-0.731274,0.113749,0.134272,-0.647600,0.083038
8.291900,197,-0.213781,-0.515149,0.255730,0.288060,-0.642254,0.087810
8.336044,198,-0.233401,-0.343085,0.289343,0.422119,-0.661465,0.289226
8.380366,199,0.005820,0.302596,0.307530,0.486004,-0.675675,0.396567
8.413773,200,0.182353,-1.071332,0.114157,0.532074,-0.678213,0.374236
8.457927,201,0.374541,-0.048270,0.191765,0.560963,-0.639623,0.248736
8.491450,202,-0.113775,-2.770480,-0.465623,0.773323,-0.619773,0.188020
8.536052,203,0.391618,-1.476111,-0.397853,1.302492,-0.613205,0.169996
8.580820,204,0.434120,-0.711958,-0.648606,1.569565,-0.499368,0.067299
8.625455,205,1.338332,-0.295881,-0.307876,1.622157,-0.285761,-0.118753
8.669253,206,0.803340,1.267042,0.156647,1.468407,-0.058380,-0.169201
8.702768,207,0.258432,0.247073,-1.263878,1.197007,0.087515,-0.433963
8.747710,208,1.021061,1.863995,0.498619,0.818947,0.294117,-0.407282
8.791967,209,0.233352,-1.320483,-0.948347,0.883053,0.387860,-0.506627
8.836137,210,-0.204858,-0.251074,0.196072,1.050391,0.465458,-0.428940
8.880588,211,-0.123953,-0.704407,-0.030926,1.077148,0.313637,-0.289316
8.914179,212,-0.497588,-0.227692,-0.806664,1.132034,0.216068,-0.387664
8.947637,213,0.124190,1.775731,1.255007,0.974698,0.201510,-0.418737
8.992596,214,-0.295594,0.230717,-0.015790,0.775409,0.202069,-0.330490
9.095601,215,-0.274612,0.260558,-0.083910,0.734849,0.226030,-0.177027
9.136328,216,-1.360480,1.392011,0.160852,0.343572,-0.075321,0.020660
9.181571,217,-0.378515,0.558635,-0.131317,0.215394,-0.132507,-0.028637
9.225326,218,0.045545,0.232555,-0.345209,0.173712,-0.119853,0.165330
9.269680,219,0.212088,-0.420762,-0.537231,0.216590,-0.147170,0.190680
9.303703,220,0.635101,-0.193294,-0.345962,0.211254,-0.080189,0.054834
9.347969,221,0.300968,-0.096913,-0.651617,0.257057,0.041045,-0.073765
9.391914,222,0.261232,0.735497,0.428834,0.256922,0.145798,-0.007411
9.425631,223,0.302973,0.388339,0.326300,0.176967,0.159348,0.006864
9.469972,224,0.206428,-0.054360,-0.105494,0.104728,0.189379,-0.110332
9.514312,225,0.106256,-0.156486,-0.088349,0.094826,0.193232,-0.133445
9.547800,226,-0.060405,-0.186070,-0.118289,0.121279,0.206429,-0.157636
9.582793,227,0.241153,0.098619,0.179816,0.133221,0.210114,-0.178781
9.625315,228,0.187924,0.603774,0.287692,0.046382,0.238260,-0.252587
9.658789,229,-0.235546,-0.286149,-0.450683,0.026253,0.244731,-0.242451
9.692266,230,-0.437696,-0.190187,-0.064806,0.077724,0.189306,-0.178355
9.725690,231,-0.339911,0.230327,0.187650,0.071190,0.138999,-0.155546
9.759208,232,-0.414500,0.001808,0.167085,0.065056,0.080134,-0.104924
9.792723,233,-0.386459,-0.070348,0.171875,0.069199,-0.000933,-0.060716
9.837020,234,-0.162311,0.249728,0.233430,0.005298,-0.075498,-0.009729
9.881333,235,-0.234266,-0.204384,-0.129746,0.034219,-0.127803,0.022760
9.914808,236,-0.183986,0.222990,0.335220,0.020832,-0.153123,0.038571
9.948307,237,-0.717800,-0.048370,0.471781,-0.002585,-0.214119,0.053762
9.992638,238,-1.983977,0.233022,1.089265,-0.141332,-0.429499,0.009541
10.026203,239,-5.526085,-0.892703,2.514458,-0.189269,-1.213259,0.028337
10.093654,240,-0.605879,-0.091952,0.007186,-0.152817,-1.532620,0.158484
10.136708,241,3.053030,0.342306,-2.852156,0.207587,-1.444057,0.445343
10.170582,242,1.995344,0.491347,-0.357685,0.190452,-1.008425,0.466103
10.214497,243,1.781851,0.426924,-0.177571,0.094628,-0.460172,0.460875
10.247874,244,0.467407,0.594116,0.262678,0.024843,-0.161531,0.433332
10.281249,245,0.605345,-0.046618,-0.227017,-0.015945,0.008102,0.480491
10.314724,246,0.045883,0.204965,0.373969,-0.023481,0.098838,0.535155
10.348214,247,-0.032457,-0.128545,-0.098863,-0.108122,0.080186,0.436205
10.381894,248,0.212965,-0.624821,-0.671838,-0.054280,0.044403,0.360426
10.425822,249,-0.032798,0.128227,0.284186,-0.061438,-0.012707,0.245908
10.470079,250,-0.049783,-0.564535,-0.688501,0.007606,-0.006346,0.131536
10.503650,251,-0.905988,-0.398126,-0.027799,0.147519,0.034102,0.315066
10.547990,252,-0.220307,-0.613477,-0.082415,0.336363,0.038255,0.617571
10.592348,253,0.186604,-0.048584,-0.027982,0.363598,0.045882,0.616969
10.625685,254,0.214908,0.197893,0.102014,0.314347,-0.017488,0.430414
10.659116,255,0.525612,0.943313,0.536129,0.193585,-0.032701,0.258806
10.692924,256,0.621591,0.029458,-0.089702,0.140200,-0.028683,0.210990
10.736928,257,0.660063,0.154280,0.308697,0.064423,0.016285,0.044708
10.770390,258,0.600405,0.005183,-0.267985,0.035777,0.079876,-0.046952
10.814861,259,0.650572,0.539492,0.353834,-0.028665,0.177615,-0.137527
10.859176,260,0.596585,0.436146,-0.014634,-0.115315,0.323400,-0.199305
10.892628,261,0.652709,1.061068,-0.025199,-0.220776,0.419175,-0.218446
10.936916,262,0.674738,0.940209,0.090010,-0.350298,0.576024,-0.254443
10.971171,263,0.262107,0.646543,1.130528,-0.488989,0.657205,-0.232792
11.014789,264,0.472371,-0.175330,0.898724,-0.650764,0.712449,-0.278618
11.100006,265,0.081256,-0.573552,-0.544810,-0.571432,0.754533,-0.352545
11.137246,266,-2.106230,-0.142119,-1.295315,-0.214224,0.514251,-0.209814
11.171458,267,-0.800900,-0.135477,-1.246635,-0.306660,0.341736,-0.195522
11.214951,268,-0.802275,0.554100,-0.195896,-0.347696,0.157301,-0.179688
11.248322,269,-0.255877,0.660719,-0.071486,-0.476448,0.061184,-0.143870
11.292832,270,0.140564,0.261699,-0.464973,-0.493782,0.001529,-0.097300
11.326304,271,0.309074,0.462371,-0.025069,-0.538529,0.010705,-0.068334
11.371323,272,0.401148,0.424268,-0.201150,-0.642318,0.037858,-0.129826
11.414817,273,0.272199,-0.196230,-0.245474,-0.684532,0.134287,-0.163714
11.448219,274,0.197418,-0.119044,0.502330,-0.645784,0.171570,-0.130037
11.481586,275,0.432904,-0.000036,0.618810,-0.628775,0.213804,-0.110729
11.515164,276,0.146174,-0.999020,-0.070676,-0.589512,0.253218,-0.133533
11.548694,277,0.074333,-0.872934,0.444330,-0.412061,0.254793,-0.156235
11.593793,278,0.186208,-0.148095,1.688555,-0.377256,0.251486,-0.117746
11.637076,279,0.037018,-1.923456,0.107866,-0.235392,0.271858,-0.199435
11.670443,280,-0.193540,-0.776684,0.424449,-0.001285,0.280890,-0.253618
11.703848,281,-0.224931,-0.621995,0.387077,0.141859,0.258374,-0.194272
11.748481,282,0.089185,-0.148280,0.038138,0.240760,0.203356,-0.092063
11.782510,283,-0.271131,-0.521095,-1.595773,0.302105,0.171043,-0.152405
11.826196,284,-0.105616,1.177717,-0.408038,0.305716,0.172350,-0.189655
11.859541,285,-0.058843,1.171312,0.155484,0.131898,0.128950,-0.183801
11.892992,286,-0.049142,-0.082048,-0.497741,0.033538,0.117098,-0.196190
11.926332,287,-0.109449,0.149957,-0.138051,-0.012380,0.096203,-0.190220
11.970683,288,-0.153333,-0.263826,-0.481646,0.010399,0.106444,-0.183023
12.004674,289,-0.179728,0.548820,0.226289,0.004034,0.106854,-0.116547
12.104342,290,-0.070033,0.126610,0.022590,-0.069824,0.075961,-0.062866
12.137979,291,-0.209430,-0.035433,-0.095722,-0.077154,0.019913,-0.052962
12.181892,292,-0.003640,-0.049165,-0.051592,-0.082038,0.019259,-0.065585
12.215429,293,0.012980,0.062824,0.166318,-0.083926,0.016306,-0.065173
12.259789,294,0.038528,0.038815,0.181755,-0.117873,0.021389,-0.091125
12.293162,295,-0.045784,-0.088018,0.012993,-0.122159,0.023763,-0.111196
12.326501,296,-0.093698,-0.325826,-0.096574,-0.100166,0.027613,-0.115755
12.370882,297,-0.168336,-0.070390,0.100824,-0.041990,0.033593,-0.106455
12.404523,298,-0.254901,-0.055221,0.204976,-0.023652,0.035780,-0.045121
12.438466,299,-0.374798,-0.169687,0.241460,0.010517,0.026680,0.047947
12.482143,300,-0.279033,-0.434968,-0.001640,0.101440,0.020178,0.160445
12.515524,301,-0.145412,0.167975,0.259932,0.126993,0.011655,0.198363
12.549144,302,-0.221806,0.059668,0.056843,0.109426,-0.011370,0.204756
12.593226,303,-0.141806,0.017228,0.029511,0.107185,-0.064425,0.189933
12.626615,304,0.078638,0.632226,0.207463,0.049056,-0.075622,0.181869
12.671900,305,0.334020,0.598775,0.088889,-0.076971,-0.023432,0.239741
12.715548,306,0.258335,-0.655736,-0.414931,-0.067368,0.124993,0.212922
12.749193,307,-0.137084,-0.187217,0.156674,0.005422,0.156784,0.214765
12.794526,308,-0.306249,-0.294610,0.161783,0.038588,0.094720,0.115588
12.838758,309,-0.995002,0.039829,0.741271,0.020055,-0.135556,0.059519
12.882128,310,-0.491529,-0.518605,-0.027423,0.047045,-0.405683,-0.019476
12.926701,311,-0.087846,0.050842,0.113945,0.071318,-0.520107,0.004865
12.960101,312,0.222940,0.005341,-0.285537,0.085033,-0.528052,-0.010263
12.994138,313,0.392272,0.378749,-0.074314,0.061063,-0.477708,0.029331
13.038662,314,0.431005,0.174258,-0.263303,0.031467,-0.382623,0.057627
13.106777,315,0.080109,0.041874,-0.038390,0.024588,-0.354516,0.052248
13.149106,316,0.904224,0.307395,-0.447686,-0.044945,-0.102751,-0.005064
13.182544,317,0.280343,0.008762,-0.071012,-0.049584,-0.029138,-0.009909
13.226885,318,-0.002285,0.048050,0.074610,-0.062756,0.023336,0.002261
13.260229,319,-0.159969,-0.296636,-0.040340,-0.047154,0.015879,-0.000297
13.293727,320,-0.130103,-0.190615,-0.015797,-0.003236,-0.009144,0.005070
13.327092,321,-0.327858,0.232237,0.325884,-0.015532,-0.038728,0.006622
13.371388,322,-0.409384,-0.275357,-0.007387,-0.007665,-0.147774,0.007057
13.404742,323,-0.231963,0.345403,0.250075,0.008662,-0.200905,0.035530
13.438873,324,-0.352880,0.199102,0.082409,-0.036961,-0.259252,0.045008
13.482527,325,-0.190362,0.311247,-0.100026,-0.053011,-0.297846,0.088440
13.515929,326,-0.391986,0.921225,0.214374,-0.143371,-0.335542,0.150289
13.560153,327,0.047873,0.739091,-0.340319,-0.298628,-0.368255,0.153585
13.594523,328,0.141902,1.000855,-0.365932,-0.425406,-0.338805,0.156116
13.638859,329,0.219272,0.828731,-0.447391,-0.672814,-0.286764,0.178581
13.682741,330,0.317103,2.203754,0.039804,-0.919925,-0.208469,0.181563
13.727033,331,0.376457,-0.200130,-0.998077,-1.260079,-0.102478,0.181790
13.771513,332,0.690512,2.699142,-0.199629,-1.527215,0.034029,0.280789
13.804929,333,0.607489,-1.618988,-1.530246,-1.668702,0.220703,0.279217
13.839099,334,-0.089164,1.088655,-0.482945,-1.802666,0.292739,0.272671
13.882734,335,0.055757,-2.366536,-0.783616,-1.588222,0.305837,0.173551
13.927095,336,0.086696,-1.741800,0.066919,-1.319581,0.286561,0.033238
13.971903,337,-0.022651,-1.991329,0.527743,-0.792243,0.231552,-0.055501
14.005698,338,0.040660,-1.118361,0.638408,-0.480155,0.198680,-0.082255
14.104725,339,0.006650,-0.020882,0.306685,-0.262887,0.184028,-0.084929
14.139054,340,-0.058697,0.070377,1.374663,-0.226433,0.134736,-0.044869
14.182826,341,-0.072183,-0.130950,0.421117,-0.192754,0.109708,-0.039118
14.216642,342,-0.008762,-0.054513,0.433829,-0.149110,0.085169,-0.024214
14.260516,343,-0.060330,-0.164599,0.335886,-0.117964,0.053950,-0.023294
14.294030,344,-0.016362,-0.504925,0.236980,-0.057015,0.035147,-0.025820
14.339287,345,0.032145,-0.024443,0.142856,0.028052,0.023467,-0.041663
14.382738,346,-0.117979,-0.111702,0.090375,0.044277,0.002213,-0.042992
14.427872,347,-0.157943,-0.271075,0.127881,0.108486,-0.030683,-0.066946
14.471974,348,-0.238943,-0.050517,0.088213,0.158086,-0.068082,-0.047253
14.505688,349,-0.625774,0.004817,0.275134,0.181317,-0.133594,0.002445
14.539229,350,-0.948593,-0.225199,0.487578,0.210869,-0.263101,0.020801
14.582790,351,-0.856045,-0.398918,0.467854,0.304228,-0.486278,0.063153
14.616917,352,-0.984701,0.453079,0.447310,0.322561,-0.665223,0.128166
14.660471,353,-1.615883,-0.172952,0.525800,0.282080,-1.065107,0.162744
14.693958,354,-0.352577,-0.237897,-0.072045,0.317943,-1.253800,0.181146
14.739128,355,-1.014040,-0.355782,0.042953,0.365242,-1.442124,0.238953
14.782981,356,-1.432353,-0.739053,-0.075449,0.476434,-1.759398,0.291299
14.816996,357,0.042846,0.770899,-0.295155,0.487468,-1.844322,0.303998
14.860819,358,0.948526,-0.500957,-0.366230,0.472172,-1.727489,0.323365
14.905391,359,1.205933,0.528053,0.290883,0.418417,-1.431882,0.235296
14.939230,360,1.443361,-0.112110,0.727070,0.410042,-1.175221,0.121691
14.983051,361,0.965932,0.298496,1.266071,0.435442,-0.770058,0.067170
15.028100,362,0.557449,-0.453236,1.112690,0.512393,-0.430940,0.080110
15.108393,363,0.108871,0.142042,0.370216,0.548741,-0.284311,0.090475
15.149729,364,-0.654845,-0.833246,2.175096,0.552876,-0.006844,-0.089831
15.183063,365,-0.388993,-0.201693,0.747792,0.546098,0.006837,-0.075280
15.216936,366,-0.198080,-0.535861,0.564659,0.618272,0.037730,-0.077944
15.260850,367,-0.408646,-0.447542,0.409135,0.695506,0.033679,-0.109526
15.294376,368,-0.319956,0.001205,0.439425,0.722529,0.001478,-0.130872
15.339570,369,-0.259836,-0.229152,0.168420,0.767766,-0.072579,-0.111195
15.383089,370,0.277217,0.000892,0.260791,0.741600,-0.073719,-0.197016
15.417162,371,-0.044859,0.107896,0.008369,0.728531,-0.078639,-0.157958
15.460747,372,0.402555,-0.271465,-0.152464,0.685914,-0.077699,-0.215913
15.494139,373,0.482504,0.209052,-0.256520,0.656334,-0.054019,-0.224520
15.527610,374,0.467068,0.876112,0.166694,0.543542,-0.038061,-0.198581
15.572635,375,0.353526,0.203675,-0.256898,0.408749,-0.023278,-0.217451
15.606107,376,-0.243541,0.427949,-0.233157,0.262922,-0.234644,-0.508016
15.649760,377,1.359882,0.682751,0.259161,0.080124,-0.359188,-0.581152
15.683270,378,1.544782,-0.485789,-0.626070,0.072828,-0.289667,-0.549322
15.727780,379,1.490169,-0.365173,-0.442839,0.084879,-0.069909,-0.540708
15.772294,380,0.783450,-0.236035,-0.536396,0.100648,0.128320,-0.477344
15.806413,381,0.709341,-0.615652,-1.056297,0.165651,0.200592,-0.409146
15.850035,382,-0.446942,-0.408405,-1.065462,0.306029,0.043654,-0.490486
15.894522,383,1.453957,0.346791,-0.434083,0.185799,-0.092062,-0.624444
15.939666,384,1.864240,0.819060,-0.282102,0.057223,0.155127,-0.622249
15.973419,385,2.529153,0.031883,-0.758751,0.003512,0.488468,-0.581684
16.016629,386,2.463207,0.600422,-0.563755,-0.076330,1.019514,-0.510557
16.117529,387,0.606660,-0.035100,-0.493240,-0.123905,1.398403,-0.490020
16.160957,388,0.255963,0.954808,-2.212266,-0.107675,1.558493,-0.466394
16.194342,389,-0.736586,0.323680,-0.597544,-0.124812,1.355950,-0.431578
16.227678,390,-0.637925,-0.094519,-0.991281,-0.116026,1.168373,-0.455745
16.272476,391,-0.658908,-0.048677,-0.644985,-0.081094,0.929751,-0.600405
16.316532,392,0.146052,0.121694,-0.764396,-0.053237,0.853599,-0.653371
16.360937,393,0.121484,0.030957,-0.847144,0.016142,0.870947,-0.541677
16.394906,394,0.486852,0.616643,-0.508094,0.000773,0.915313,-0.502553
16.439450,395,0.124448,0.002610,-0.985646,-0.012457,0.932059,-0.468033
16.483289,396,0.074603,0.443391,-0.478377,-0.080042,0.880106,-0.538577
16.528010,397,-0.095596,-0.127645,-0.577268,-0.153922,0.839797,-0.646633
16.572590,398,-0.086691,-0.155670,-0.540753,-0.108515,0.820590,-0.670677
16.616617,399,-0.179243,0.047728,-0.219775,-0.116627,0.810183,-0.586118
16.650027,400,-0.399722,-0.150997,-0.238219,-0.079622,0.774022,-0.573127
16.694353,401,-0.228580,0.001951,0.022099,-0.108091,0.745504,-0.568564
16.727726,402,-0.271674,-0.102134,0.107043,-0.096693,0.681068,-0.505625
16.772800,403,-0.109507,-0.388192,-0.261846,-0.075429,0.606633,-0.540269
16.816530,404,-0.395370,-0.463019,-0.455089,-0.024600,0.612613,-0.599392
16.849892,405,-0.604032,-0.280329,-0.010443,0.052853,0.597665,-0.653178
16.883535,406,-0.644113,0.024343,0.217836,0.062585,0.577557,-0.667294
16.927690,407,-0.940032,-0.134183,0.247791,0.088018,0.491160,-0.592403
16.972651,408,-0.938321,0.049785,0.760393,0.066957,0.298202,-0.504431
17.016328,409,-0.973190,-0.550687,0.046673,0.041373,0.039985,-0.694470
17.049762,410,-0.749380,-0.139213,0.200632,0.066812,-0.077005,-0.736501
17.114755,411,-0.118475,-0.009051,0.019760,0.072173,-0.113802,-0.751732
17.150071,412,-1.227196,1.244479,-0.054854,-0.033585,-0.102051,-0.695662
17.184157,413,-0.508757,0.712012,0.160070,-0.093482,-0.036792,-0.619936
17.227827,414,-0.971694,0.183137,0.052838,-0.097876,0.017402,-0.456038
17.261228,415,-0.338543,0.639007,0.330603,-0.112071,0.054553,-0.320325
17.294659,416,-1.018445,0.309129,0.071867,-0.111357,0.097850,-0.080299
17.328188,417,-0.875987,0.169800,0.184707,-0.069643,0.136199,0.102431
17.372685,418,-0.759339,-0.457274,0.221911,-0.127299,0.167478,0.252057
17.416900,419,-1.479210,-0.737517,-0.091198,-0.019335,0.155615,0.061053
17.450238,420,-0.328041,1.028990,0.761761,0.019722,0.113624,0.069413
17.494794,421,-1.111499,0.383857,0.263711,-0.044289,-0.004622,0.183851
17.539659,422,-0.725784,0.780538,-0.021783,-0.133718,-0.081676,0.176637
17.583507,423,-0.750933,0.711431,0.021401,-0.233331,-0.189026,0.234343
17.616913,424,-0.583862,0.707435,-0.343908,-0.293535,-0.242291,0.165804
17.661242,425,-0.688827,0.844214,0.063868,-0.359563,-0.340709,0.169629
17.694765,426,-0.400819,0.616436,0.080856,-0.468097,-0.408234,0.196029
17.739764,427,-0.637806,0.275149,0.183353,-0.544882,-0.493533,0.217767
17.783556,428,-0.565661,0.184851,0.181978,-0.581449,-0.574286,0.268356
17.828104,429,-0.568787,0.088600,0.474646,-0.612336,-0.684365,0.353554
17.872603,430,-1.003411,-0.253751,0.628226,-0.639124,-0.988313,0.318877
17.906337,431,-0.516434,-0.287327,-0.367922,-0.540443,-1.162452,0.359607
17.950223,432,-0.194702,-0.562165,-0.925599,-0.411969,-1.214295,0.417473
17.983640,433,0.994723,0.388944,-0.767465,-0.410477,-1.100036,0.428525
18.016975,434,0.744372,-0.244376,-0.896666,-0.460891,-0.919586,0.493754
18.123591,435,0.207093,-0.333579,-0.446031,-0.391876,-0.691234,0.522663
18.161467,436,1.652168,-0.577296,-1.558632,-0.406792,-0.279985,0.424541
18.194814,437,0.550902,0.109603,-0.285789,-0.385245,-0.188341,0.431577
18.239413,438,0.407992,-0.022324,0.021352,-0.400427,-0.103835,0.404060
18.272811,439,-0.007785,-0.674574,0.293296,-0.357044,-0.088102,0.399071
18.317085,440,-0.098424,-0.727530,0.546503,-0.203479,-0.129720,0.399633
18.350565,441,0.189394,0.744780,0.831072,-0.209374,-0.174295,0.447682
18.394799,442,0.058006,0.029309,0.717726,-0.358081,-0.217564,0.451424
18.428215,443,-0.049028,-0.354364,0.714585,-0.396178,-0.250179,0.407882
18.472658,444,0.346065,0.477930,0.940752,-0.348076,-0.286644,0.504492
18.506132,445,0.347864,-0.195376,0.961225,-0.326882,-0.321590,0.518019
18.539683,446,0.480968,0.099293,1.037744,-0.323936,-0.329049,0.513516
18.573057,447,0.451973,-0.313519,1.037757,-0.311628,-0.353251,0.537996
18.606472,448,0.705762,-0.179037,0.947483,-0.307564,-0.366615,0.472582
18.640599,449,0.877564,-0.162023,0.692085,-0.331123,-0.327823,0.342720
18.683735,450,0.580429,-1.094371,0.481903,-0.213223,-0.275084,0.252717
18.717098,451,0.698222,-0.381370,0.353556,-0.084785,-0.245294,0.175347
18.761510,452,0.468413,0.253331,0.162809,-0.048370,-0.182935,0.136395
18.806118,453,0.441319,-0.525968,-0.070403,0.000243,-0.139674,0.079369
18.839499,454,0.431026,-0.005638,0.012524,0.049123,-0.104934,0.046246
18.883733,455,0.300793,0.188833,0.013277,0.024455,-0.050087,0.044782
18.917078,456,0.180186,-0.455020,-0.121061,0.026320,-0.037794,0.018972
18.950568,457,0.283758,-0.152278,-0.059641,0.067860,-0.022806,-0.017326
18.994873,458,0.157043,0.590130,0.029934,0.034323,0.002264,-0.052568
19.028952,459,-0.009639,-0.395276,-0.185513,0.008891,0.013274,-0.046431
19.119813,460,-0.023468,0.041865,-0.037366,0.016215,0.011719,-0.053444
19.161595,461,-0.416105,0.359327,-0.366737,-0.066840,0.003058,0.004192
19.206088,462,-0.178146,0.035209,-0.040845,-0.074608,-0.028769,0.027495
19.241105,463,-0.078012,-0.041732,0.048771,-0.075761,-0.064336,0.058666
19.283857,464,0.007473,-0.322853,-0.092582,-0.047010,-0.090182,0.007849
19.328362,465,-0.036525,-0.049912,-0.079813,0.013855,-0.088709,0.002974
19.373127,466,-0.014047,0.017171,-0.162104,0.020901,-0.085271,0.001038
19.417666,467,-0.020366,0.028657,-0.065623,0.023686,-0.074865,-0.005134
19.461577,468,-0.013100,0.202493,-0.126017,-0.009431,-0.055206,0.020966
19.494992,469,-0.044221,0.092127,-0.060330,-0.034516,-0.047062,0.052948
19.528334,470,-0.024953,0.000395,-0.034071,-0.044382,-0.040916,0.063619
19.572928,471,0.058586,0.115543,0.063083,-0.086958,-0.023109,0.046235
19.617757,472,-0.064301,-0.227718,0.193033,-0.061902,-0.029613,0.025243
19.661454,473,-0.002509,-0.310348,0.241984,-0.017971,-0.058076,0.005404
19.694985,474,-0.026737,0.000877,0.190674,0.028490,-0.072504,0.010853
19.728385,475,-0.026791,0.073278,0.117221,0.030946,-0.077010,0.016535
19.773122,476,0.011227,-0.120102,0.006063,0.058318,-0.081308,0.018735
19.817770,477,0.027642,0.088754,0.012933,0.069758,-0.085403,0.031219
19.861549,478,0.068237,0.005230,-0.063437,0.045669,-0.072755,0.024818
19.895043,479,0.012310,-0.146044,-0.038602,0.059651,-0.071557,0.036404
19.939771,480,0.049647,0.168741,-0.019244,0.042694,-0.072513,0.003682
19.983784,481,-0.022414,-0.094828,-0.078616,0.036737,-0.061040,0.023646
20.017893,482,-0.030984,-0.230801,-0.037027,0.066651,-0.055471,0.023548
20.061550,483,-0.131193,0.122310,0.060355,0.081201,-0.055994,0.045620
20.130455,484,-0.017450,0.049314,0.025277,0.079992,-0.060423,0.062908
20.173039,485,-0.266457,-0.036788,0.015595,0.074034,-0.123520,0.085016
20.217707,486,-0.010508,-0.032096,-0.258975,0.080703,-0.149776,0.073855
20.261734,487,0.070391,0.201476,-0.071573,0.067342,-0.163626,0.068530
20.295097,488,0.235379,-0.120770,-0.256050,0.030480,-0.156136,0.038037
20.340036,489,0.178820,0.205217,-0.011139,0.073091,-0.131880,0.042855
20.383676,490,0.181951,0.554354,0.255086,-0.078988,-0.092078,-0.020887
20.417757,491,0.085502,-0.398391,0.181809,-0.115874,-0.059299,-0.076620
20.461514,492,0.117492,0.205744,0.351183,-0.158207,-0.020840,-0.092343
20.495107,493,0.019577,-0.206202,0.199408,-0.170071,0.005247,-0.075635
20.528447,494,0.084100,-0.313519,0.058863,-0.129013,0.044418,-0.072455
20.572842,495,-0.014738,-0.202764,0.078680,-0.029556,0.069705,0.015540
20.617690,496,0.026986,-0.197582,-0.055468,0.058714,0.080490,0.046289
20.661444,497,-0.024002,-0.267548,-0.240837,0.112010,0.062624,0.047426
20.695026,498,0.083361,-0.700517,-0.509538,0.175370,0.047843,-0.009669
20.739791,499,0.038834,-0.494193,-0.614857,0.234346,0.063300,-0.107435
20.773339,500,0.078325,0.341091,-0.443669,0.254563,0.087146,-0.120710
20.817980,501,0.026197,1.423028,0.287027,0.125985,0.122687,-0.058340
20.861521,502,-0.039097,1.338531,0.810176,-0.164421,0.137612,-0.024922
20.895131,503,-0.112514,-0.114202,0.565507,-0.302933,0.130920,-0.030970
20.928505,504,-0.099594,-0.654244,0.403113,-0.297222,0.105353,-0.020989
20.973271,505,-0.200429,-1.156477,0.192023,-0.099437,0.039463,0.019033
21.017720,506,-0.093078,-0.728269,-0.113429,0.135719,-0.013402,0.038984
21.061550,507,-0.033872,-0.062072,-0.143343,0.268224,-0.054647,0.035499
21.144742,508,0.005812,0.047410,-0.044570,0.268471,-0.060552,0.024880
21.183887,509,0.141790,0.669277,-0.172669,0.141619,-0.024879,0.010165
21.217859,510,0.057423,0.224639,0.045244,0.092229,-0.000589,0.020748
21.261780,511,0.052873,0.105334,0.080451,0.053565,0.018285,0.061766
21.295121,512,-0.033427,-0.281792,0.115741,0.056514,0.012137,0.074331
21.339786,513,-0.049654,-0.467508,0.093011,0.128782,-0.012064,0.030219
21.383935,514,-0.100310,-0.372755,0.395325,0.224466,-0.037943,0.020054
21.417830,515,-0.073741,-1.063426,0.295446,0.356708,-0.064274,0.031565
21.461689,516,-0.102278,-1.794271,0.212521,0.685889,-0.101681,0.043519
21.495195,517,-0.069481,-1.132923,0.557343,0.954782,-0.132174,0.055579
21.540027,518,-0.140382,-0.048429,0.971465,1.099068,-0.169360,0.106885
21.583942,519,-0.477078,-1.088918,0.587767,1.231102,-0.221048,0.148424
21.617874,520,-1.189559,0.415101,0.671803,1.298168,-0.347137,0.367710
21.661737,521,-1.468841,1.890202,0.494925,1.068914,-0.600182,0.667176
21.695129,522,-1.335541,0.976635,-0.065085,0.762970,-0.818727,0.615612
21.728595,523,-1.211773,0.362237,-0.060310,0.505529,-1.043573,0.502484
21.773108,524,-0.861934,-0.432686,-1.116992,0.467577,-1.267499,0.557524
21.807188,525,-0.347285,-0.149828,-1.183531,0.483737,-1.397027,0.589447
21.850547,526,0.198340,0.369534,-1.071590,0.464795,-1.420872,0.530724
21.884032,527,0.941746,-0.120879,-1.142197,0.456719,-1.362826,0.520193
21.928461,528,1.243996,-0.360604,-0.957178,0.527038,-1.170875,0.413330
21.961833,529,0.476759,0.144566,-0.342700,0.552664,-1.005537,0.315773
21.996374,530,0.238121,0.864483,-0.034346,0.490560,-0.912469,0.346202
22.040271,531,-1.999051,1.179124,-0.211316,0.276179,-1.000285,0.430615
22.141819,532,-0.228324,-0.109348,-0.516734,0.163753,-1.385617,0.450590
22.184118,533,1.355082,0.961783,-0.131075,0.101437,-1.287369,0.479786
22.228306,534,0.841137,0.486241,0.343162,0.064275,-0.965776,0.430566
22.261650,535,0.377783,0.491244,-0.087729,-0.044659,-0.870089,0.421672
22.295231,536,1.256193,-0.101323,0.083371,-0.005117,-0.731700,0.392699
22.328652,537,-0.682023,1.306145,0.334475,-0.153858,-0.634947,0.304160
22.373084,538,0.988787,-0.359917,-0.164970,-0.139283,-0.537968,0.366562
22.417205,539,0.073621,0.414634,0.290695,-0.252433,-0.428640,0.313068
22.450583,540,0.650592,-0.488985,0.007526,-0.221721,-0.329700,0.300846
22.484104,541,0.415232,-0.146902,0.204370,-0.216780,-0.270041,0.233128
22.528615,542,1.038201,-0.395696,0.606590,-0.093592,-0.072929,0.196499
22.573357,543,1.088932,-0.576907,0.709009,0.002842,0.251340,0.103495
22.607177,544,-0.913433,1.120413,0.421237,-0.087321,0.321127,0.067568
22.650881,545,0.803316,-1.166916,-0.580445,0.027723,0.244212,0.066958
22.684329,546,-0.709755,1.568521,0.890948,0.007681,0.250197,0.015304
22.728486,547,1.116978,-0.400087,0.187705,-0.087492,0.275148,-0.004449
22.773327,548,2.856641,0.601627,1.904064,-0.060645,0.758567,-0.162514
22.806761,549,3.053620,0.224717,1.285305,-0.130462,1.413550,-0.323290
22.850807,550,0.097753,0.418239,-0.343964,-0.173732,1.793661,-0.389377
22.895572,551,-0.241552,-0.637863,-0.847047,-0.109920,1.664591,-0.454567
22.940508,552,-1.318038,0.319495,-0.408966,-0.121823,1.396215,-0.555208
22.984160,553,-0.453304,-0.376584,-0.572142,-0.136252,1.067344,-0.495584
23.017673,554,-0.376949,-0.341072,-0.239671,-0.065175,0.962321,-0.488477
23.061881,555,-0.135520,-0.321047,-0.115198,-0.072083,0.831431,-0.565618
23.155958,556,0.259783,-0.343205,-0.138711,0.025582,0.802780,-0.572749
23.196347,557,3.851281,-3.862583,-0.973893,0.645440,0.829700,-1.584572
23.239681,558,1.917567,1.258247,1.006951,0.584152,1.289919,-1.660051
23.273067,559,5.237049,1.545716,-1.357131,0.417196,1.927767,-1.653209
23.306517,560,2.705641,0.945959,-2.908245,0.327597,2.890472,-1.628954
23.340192,561,-0.750299,1.818065,-2.492891,0.264786,3.379716,-1.438486
23.384273,562,-3.501429,0.869296,-0.862687,0.129752,3.491721,-1.407889
23.428674,563,-4.689929,-1.429225,0.879685,0.039215,2.474312,-1.165578
23.473265,564,-1.998310,-0.581830,-0.407026,0.289611,1.746094,-0.959857
23.506646,565,-1.583095,-0.160337,0.914206,0.303835,1.414104,-0.943279
23.540502,566,-1.082748,0.591047,1.134674,0.248322,1.112718,-0.776434
23.584442,567,-0.955713,0.374845,0.990454,0.070232,0.790624,-0.651934
23.628597,568,-0.520796,0.193104,0.891589,0.003032,0.501272,-0.494147
23.673271,569,-0.071513,-0.381219,-0.042821,-0.005377,0.353223,-0.497881
23.706723,570,0.110071,-0.054821,0.242515,0.036679,0.314459,-0.504612
23.740311,571,0.252660,0.127100,0.095150,-0.005278,0.311016,-0.459156
23.784172,572,0.157694,-0.144260,-0.609130,0.046370,0.356985,-0.409096
23.828586,573,-0.022242,0.401564,-0.087692,0.093213,0.461487,-0.364510
23.873313,574,-0.359555,-0.008193,0.433996,0.068721,0.444928,-0.345538
23.906877,575,-0.176977,0.008305,1.248108,0.095987,0.330959,-0.308832
23.940314,576,0.001165,0.123927,1.024826,0.025127,0.178764,-0.329668
23.984245,577,-0.416491,-0.372809,0.741108,0.100919,0.017351,-0.237117
24.017626,578,-0.043409,0.157435,1.400776,0.139269,-0.144420,-0.178142
24.051070,579,0.060720,0.164524,0.996973,0.042696,-0.277740,-0.145398
24.154277,580,-0.223791,-0.260682,0.012254,0.104100,-0.385965,-0.058592
24.196062,581,0.184300,-0.448073,0.591008,0.025656,-0.446519,-0.008240
24.239998,582,-0.165942,-0.192126,-0.069003,0.107143,-0.408581,0.000353
24.273417,583,-0.070878,0.392875,0.133349,0.153900,-0.405258,0.014381
24.306869,584,0.128300,0.509482,0.245869,0.141229,-0.398751,0.088319
24.340433,585,0.201324,0.468075,0.077159,0.102338,-0.381182,0.151668
24.384401,586,0.136662,0.102644,-0.101120,0.061710,-0.329477,0.034612
24.428572,587,0.597486,0.939899,0.686583,-0.005028,-0.269024,-0.054348
24.473312,588,-0.684586,0.073066,0.270455,-0.149567,-0.253346,-0.079103
24.517602,589,-1.019040,-0.325710,1.209434,-0.139301,-0.410091,0.109883
24.550963,590,-0.674457,-0.673112,0.752660,-0.086170,-0.612220,0.197878
24.595885,591,-0.551657,-0.058889,0.368543,0.011887,-0.718840,0.303929
24.639830,592,-0.527901,-0.485748,-0.011496,0.129299,-0.791141,0.401559
24.684145,593,0.605233,1.332128,1.028783,0.043984,-0.784640,0.379217
24.717717,594,-0.590908,-0.402146,-0.498643,-0.149039,-0.715909,0.336715
24.761941,595,-0.959009,-1.383644,-1.000223,-0.074158,-0.640277,0.411835
24.796351,596,-0.141697,0.224572,-0.086816,0.024807,-0.613403,0.572487
24.840076,597,0.234906,0.419328,0.124303,0.054109,-0.586939,0.685204
24.884239,598,0.414511,-0.104952,0.125584,-0.048725,-0.575843,0.575298
24.917599,599,0.875173,-0.432984,0.562439,0.022729,-0.538149,0.424760
24.950962,600,0.931582,-0.034057,1.484796,0.036849,-0.484476,0.414130
24.984939,601,0.788066,-0.649491,1.035793,-0.063102,-0.413127,0.406586
25.028795,602,0.273740,-1.316695,0.908739,0.100821,-0.346950,0.428900
25.073391,603,0.536570,-0.857949,1.095665,0.260864,-0.302489,0.424616
25.156807,604,0.072610,-0.007503,0.422293,0.290912,-0.280119,0.409980
25.195326,605,0.949783,-0.571001,4.039874,0.177193,-0.268127,0.328854
25.228695,606,0.125581,0.294647,0.214801,0.263773,-0.218060,0.219236
25.262055,607,0.180749,0.810557,0.008916,0.451964,-0.190180,0.254931
25.295599,608,0.386814,2.212324,0.107500,0.553773,-0.153713,0.312520
25.341082,609,-0.496867,0.730256,-3.002985,0.760149,-0.064266,0.172471
25.384970,610,-0.272736,3.118353,-1.123133,1.158184,-0.062837,0.196742
25.428871,611,0.155741,4.474931,0.919507,1.018060,-0.060674,0.188924
25.473176,612,-0.208129,1.485061,0.072351,0.451369,-0.112230,0.233001
25.506747,613,-0.935158,-1.038365,-2.693190,0.628561,-0.125812,0.197904
25.540223,614,-0.493475,-0.152398,0.061998,0.680849,-0.169112,0.150554
25.584291,615,0.025637,-1.197437,-2.042448,0.470019,-0.077975,0.024849
25.628764,616,-0.612848,-1.156122,-2.194986,0.546515,0.042922,0.109335
25.673379,617,-0.514940,0.608116,-2.097955,0.668580,0.007248,0.228338
25.707650,618,-0.118692,2.030116,-0.690015,0.651841,-0.008653,0.121679
25.741016,619,0.676783,2.853844,2.324102,0.246947,-0.013850,0.131219
25.784047,620,0.248054,0.094247,-0.691381,-0.267547,0.028670,0.015542
25.817453,621,-0.165767,-0.660068,-1.535810,-0.309519,0.093276,-0.094169
25.850912,622,-0.111518,0.006087,-0.996612,-0.240539,0.139663,-0.032969
25.884275,623,-0.081400,0.748517,0.368888,-0.177918,0.160468,0.008664
25.917631,624,0.165452,1.019823,0.884869,-0.375570,0.141253,0.059172
25.951047,625,0.180288,-0.017595,-1.407375,-0.542094,0.167042,-0.076290
25.984793,626,-0.125748,-0.335896,-1.333307,-0.469488,0.195971,-0.064527
26.028629,627,0.292805,-0.390695,-0.712544,-0.519373,0.251309,-0.132406
26.073162,628,-0.042095,-0.873734,-0.723431,-0.509055,0.316459,-0.190805
26.157832,629,0.056546,-0.319147,-0.178213,-0.521970,0.338864,-0.197995
26.195474,630,0.109976,-2.413765,-1.497686,-0.348327,0.375051,-0.174790
26.229005,631,-0.120553,-0.647539,-0.543178,-0.313927,0.337245,-0.106080
26.273266,632,0.166937,0.054454,-0.286753,-0.276297,0.292470,-0.158128
26.306938,633,0.208342,0.411661,0.265070,-0.333551,0.264530,-0.149860
26.351008,634,0.379332,-0.076549,0.301873,-0.472962,0.225058,-0.161175
26.397414,635,0.255065,-0.816444,0.173611,-0.517942,0.184819,-0.170949
26.440269,636,0.231954,-1.475343,0.079325,-0.495835,0.117764,-0.188582
26.484254,637,0.085995,-1.524375,-0.488264,-0.395395,0.061160,-0.158031
26.517795,638,0.199898,-0.772762,0.186969,-0.275341,0.001065,-0.086889
26.561921,639,-0.041738,-0.983085,-0.210053,-0.200817,-0.141530,-0.000809
26.596406,640,0.020510,-0.422612,-0.492992,-0.118493,-0.263771,-0.048217
26.640157,641,-0.034250,0.225974,-1.230351,-0.014137,-0.318975,-0.086629
26.684217,642,-0.340304,1.206888,-1.542926,0.111927,-0.360012,0.017284
26.717821,643,-0.138577,2.912117,-0.179837,-0.020521,-0.387072,0.054840
26.751242,644,-0.228720,2.996949,0.815845,-0.260348,-0.415286,0.124785
26.795358,645,-0.766309,-0.362023,-0.438574,-0.404486,-0.486903,0.218262
26.828926,646,-0.948703,-0.409516,-0.128726,-0.341456,-0.560852,0.369823
26.873545,647,-1.077018,0.324584,1.056434,-0.270231,-0.647250,0.566956
26.906905,648,-1.170598,-0.502900,1.611533,-0.356868,-0.715839,0.792689
26.940414,649,-0.757296,-1.589096,-0.508916,-0.452251,-0.783849,0.808245
26.984229,650,-0.235356,-1.145569,-1.132169,-0.125098,-0.835683,0.689389
27.017585,651,0.724964,0.813306,0.086550,-0.082144,-0.812080,0.549142
27.050924,652,1.053359,0.800230,-0.587184,-0.164417,-0.674107,0.357631
27.084289,653,0.851880,0.897362,0.012037,-0.278852,-0.519800,0.211476
27.166234,654,0.197367,-0.099961,-0.161124,-0.343093,-0.386330,0.110300
27.207581,655,0.092606,-0.355362,0.018105,-0.491407,0.101937,0.081649
27.250987,656,-0.163816,-0.816365,-0.041403,-0.404837,0.238811,-0.039588
27.284671,657,-0.319486,0.569624,0.645310,-0.445890,0.343074,-0.040575
27.328991,658,-0.419780,-1.082770,-0.160441,-0.427480,0.438403,-0.116102
27.373260,659,-0.635101,-0.161073,0.479243,-0.247331,0.431212,-0.035397
27.407287,660,-0.399008,-0.332787,0.747888,-0.251640,0.384172,0.088502
27.451011,661,-0.432369,-1.111900,0.639629,-0.192729,0.270042,0.134124
27.495440,662,0.106975,-1.155598,0.523556,-0.078532,0.130647,0.080771
27.540181,663,0.109871,0.236105,1.217787,-0.038690,0.028514,0.020715
27.584388,664,0.558525,-0.730468,0.485252,0.016837,-0.025793,0.039857
27.618545,665,0.414467,-0.186473,0.771922,0.015697,-0.016584,0.013111
27.662067,666,0.542787,-1.017253,0.843958,0.095511,-0.007200,0.108081
27.695697,667,-0.224363,-1.743501,0.623824,0.140299,-0.008916,0.074602
27.729102,668,0.528015,-0.273663,1.208699,0.170945,0.085155,-0.014772
27.773488,669,-0.469640,-1.432895,0.575285,0.327003,0.024030,0.092346
27.806965,670,-0.730419,-1.645293,-1.582209,0.631929,-0.138367,0.064488
27.841148,671,-0.550062,0.442296,-1.346794,1.052730,-0.356232,0.204693
27.884303,672,-0.147589,3.413202,0.148208,0.707905,-0.668762,-0.049910
27.917663,673,-0.572384,1.255794,0.324116,0.313925,-0.754627,0.081198
27.951277,674,0.380917,-1.692537,-1.115242,0.259350,-0.791745,0.105798
27.995423,675,0.874844,-0.792262,-0.560675,0.459490,-0.640145,0.043116
28.028924,676,0.718029,0.755167,0.329306,0.441361,-0.463989,0.106366
28.073710,677,0.433940,1.714578,0.397441,0.307135,-0.279987,0.246334
28.170128,678,0.036067,0.284593,0.118630,0.101892,-0.165994,0.237823
28.206777,679,-2.140239,-2.346707,-0.259157,0.215902,-0.197908,0.390107
28.240414,680,-1.366868,-1.584436,-0.220264,0.400322,-0.389944,0.475956
28.284476,681,-0.264540,-0.435426,-0.210683,0.639154,-0.622159,0.439066
28.317982,682,0.050904,0.658922,0.478621,0.594370,-0.702651,0.386659
28.362070,683,0.251705,1.365768,0.117411,0.449075,-0.719828,0.314599
28.395485,684,0.951466,0.978521,0.130238,0.280633,-0.644183,0.268382
28.428979,685,0.936450,0.286518,0.057100,0.186792,-0.504077,0.237552
28.473564,686,0.875325,0.576318,0.336000,0.078491,-0.308600,0.202859
28.507060,687,0.725966,-0.077397,0.124874,0.055074,-0.173611,0.171557
28.540470,688,0.340719,0.373657,0.630593,0.034840,-0.082751,0.132129
28.584401,689,0.444955,0.035912,0.184486,-0.032030,-0.021919,0.059098
28.617867,690,0.202563,0.110341,0.502918,-0.005824,0.032000,0.021942
28.651271,691,-0.018618,-0.430438,0.287601,-0.028293,0.055714,-0.004994
28.695720,692,0.189095,-0.049582,-0.167414,-0.034233,0.073415,-0.053040
28.740573,693,-0.017971,0.193445,0.036756,-0.066901,0.083248,-0.068868
28.784404,694,0.511248,0.339832,-0.804803,-0.155589,0.123052,-0.154796
28.817936,695,0.316122,1.008209,-0.246315,-0.192833,0.199299,-0.211110
28.862143,696,0.521047,1.031744,-0.149565,-0.333551,0.311407,-0.259450
28.895860,697,0.469647,1.043761,0.024999,-0.474894,0.414305,-0.227172
28.940732,698,0.480959,-0.081865,-0.494578,-0.561957,0.543626,-0.205364
28.984380,699,0.333885,-0.165569,-0.577551,-0.621067,0.616586,-0.202337
29.018781,700,0.557615,-0.259165,-0.984085,-0.557007,0.648377,-0.213113
29.062195,701,0.366715,-0.012559,-0.994757,-0.445431,0.680468,-0.267478
29.095796,702,-0.118861,1.472638,0.418016,-0.486633,0.696725,-0.333782
29.178881,703,-0.037755,0.405232,0.348117,-0.611657,0.696180,-0.338346
29.218076,704,0.578986,-1.191479,1.108994,-0.729943,0.709895,-0.287332
29.262246,705,0.073302,-0.535324,0.249514,-0.606661,0.723221,-0.301507
29.295745,706,-0.156097,-0.452238,0.147462,-0.554707,0.715353,-0.299222
29.329225,707,-0.214847,-0.583550,-0.320422,-0.506417,0.674183,-0.297439
29.373636,708,-0.093959,-0.236553,-0.122529,-0.425835,0.605783,-0.375437
29.418690,709,-0.235728,0.002071,0.231369,-0.461106,0.561284,-0.378410
29.462185,710,-0.363659,-0.522141,-0.104703,-0.439114,0.492828,-0.300692
29.495669,711,-0.181920,-0.617810,-0.263217,-0.369646,0.433437,-0.310038
29.541034,712,-0.068407,-1.311468,-0.654841,-0.330787,0.349411,-0.280491
29.584450,713,-0.053775,-0.084685,-0.628473,-0.120073,0.242869,-0.163025
29.617824,714,0.078186,0.458260,-0.341320,-0.025021,0.132345,-0.058787
29.662328,715,0.222063,0.882845,0.149359,-0.027667,-0.031611,0.079718
29.695777,716,0.520723,0.656113,0.471094,-0.141048,-0.141336,0.145063
29.740638,717,0.589639,0.984713,1.727054,-0.290620,-0.258185,0.264323
29.784266,718,0.177523,-0.896671,0.634197,-0.279967,-0.322383,0.305004
29.817686,719,-0.292748,-1.539998,-0.256816,-0.112275,-0.365143,0.210430
29.851150,720,-0.904748,-1.399362,-0.353262,0.036993,-0.387495,-0.013632
29.895734,721,-1.067074,-0.047415,-0.125963,0.137653,-0.479669,-0.040714
29.940392,722,-0.195559,0.614654,-0.538148,0.222543,-0.387072,-0.107521
29.984516,723,-0.027132,1.010764,-0.080381,0.156957,-0.215315,-0.030674
30.018636,724,0.050675,-0.521404,-0.255950,0.105106,-0.125727,0.072453
30.062298,725,-0.198646,-1.095225,-0.185240,0.120238,-0.071537,-0.004115
30.095784,726,-0.596169,0.691022,0.361560,0.173900,-0.082060,-0.045506
30.183678,727,-0.204092,-0.033602,0.009885,0.203294,-0.107089,-0.061774
30.218485,728,-2.597554,-2.081299,0.004029,0.155520,-0.466020,-0.033321
30.262117,729,0.177120,0.076992,-0.544442,0.202354,-0.547692,-0.276550
30.295722,730,0.947192,-0.577568,-1.057666,0.189039,-0.367353,-0.406218
30.340384,731,0.966866,1.472118,-0.045247,0.094198,0.032466,-0.582971
30.384446,732,-0.269137,0.893032,0.253720,-0.079904,0.375497,-0.426698
30.417788,733,-0.829763,-0.279247,-0.111472,0.065649,0.431098,-0.295539
30.462141,734,-0.493955,1.464841,1.190715,-0.092704,0.377533,0.025359
30.495705,735,-0.882170,-1.134087,0.094560,-0.159677,0.261008,0.119671
30.540622,736,0.144376,-0.148891,0.256193,-0.107990,0.143197,0.018944
30.584486,737,0.265713,-0.321585,0.248609,-0.066555,0.130880,0.039306
30.617939,738,0.322652,-0.616806,-0.236276,0.069132,0.186482,0.005460
30.662338,739,0.089367,0.557016,0.041249,0.049911,0.280367,0.042778
30.695897,740,-0.301764,0.263467,0.304788,0.041804,0.290607,0.091720
30.740260,741,-0.109138,-0.056044,0.272133,0.006233,0.245042,0.119985
30.773633,742,-0.158698,-0.166951,0.270367,0.004542,0.211363,0.105022
30.818582,743,-0.160341,-0.451702,0.197892,0.072921,0.137058,0.084891
30.862288,744,-0.022810,-0.118767,0.075540,0.102926,0.055651,0.052980
30.895800,745,0.148438,0.128954,-0.071775,0.094792,0.012274,0.027969
30.929145,746,0.100505,-0.068798,-0.288623,0.105044,-0.010584,0.000827
30.973716,747,0.173843,0.501823,0.012450,0.070510,-0.009277,0.006963
31.018570,748,0.099861,0.077524,-0.108972,-0.012426,0.019350,0.028429
31.062312,749,-0.006278,0.200845,-0.019967,0.009677,0.043361,0.093901
31.095839,750,-0.577641,0.589351,0.327289,-0.039181,0.037322,0.230022
31.202724,751,-0.247342,-0.086879,0.049741,-0.051566,-0.026108,0.350095
31.240186,752,-0.235873,-0.592506,-0.044473,0.024837,-0.161490,0.359634
31.284113,753,-0.141772,-0.405590,-0.114214,0.112506,-0.157919,0.397761
31.317504,754,-0.305990,0.394197,0.005986,0.134709,-0.149885,0.486431
31.351200,755,-0.251500,-0.102006,-0.385382,0.128862,-0.126995,0.578878
31.395358,756,-0.019506,0.477608,-0.100169,0.115146,-0.122325,0.677280
31.430573,757,-0.106018,0.856922,-0.258818,0.030498,0.018056,0.826613
31.473424,758,-0.553377,-0.517578,-0.363154,0.043397,0.136596,1.077963
31.507021,759,-0.298674,0.489823,0.419954,0.038036,0.089370,1.170803
31.540441,760,-0.018680,0.197460,0.039501,-0.080364,0.098690,1.204284
31.584531,761,-0.037076,-0.197891,0.451986,-0.136933,0.040720,1.037282
31.618647,762,0.630315,-0.093272,-0.075014,-0.196779,0.083699,1.029894
31.662199,763,0.181113,-0.348357,-0.050491,-0.045932,0.171294,1.002575
31.695622,764,0.002617,0.064961,0.121124,-0.070073,0.265315,1.074059
31.728983,765,0.096332,-0.132691,0.265831,-0.042775,0.291779,1.053930
31.762417,766,-0.283983,0.307563,0.297734,-0.065794,0.298038,1.182137
31.807697,767,0.941098,-0.463914,-0.574793,0.000640,0.416636,1.209739
31.851291,768,-0.012293,0.337052,0.441709,0.046247,0.430375,0.976037
31.884631,769,0.055000,-0.347675,0.251251,-0.028443,0.388176,0.834869
31.917994,770,0.283791,-0.237293,0.202537,-0.029699,0.287521,0.752625
31.962386,771,0.309274,0.265742,0.283186,-0.054355,0.257585,0.635316
32.006839,772,0.803715,-0.027131,-0.189835,-0.039274,0.342506,0.636129
32.040775,773,0.419986,-0.672952,-0.118323,0.054581,0.337557,0.557134
32.084472,774,0.337392,-0.018091,-0.150047,0.089650,0.272708,0.400096
32.118062,775,0.406274,-0.652359,-0.490712,0.147219,0.189883,0.277568
32.193864,776,0.023610,-0.057500,-0.000364,0.178922,0.129372,0.231734
32.230696,777,-0.141292,0.622642,-0.213856,-0.004829,-0.190950,-0.134472
32.273626,778,0.036193,0.792468,0.111322,-0.058404,-0.167892,-0.122498
32.307916,779,0.627327,0.391639,-0.477450,-0.131693,-0.019475,-0.093967
32.351198,780,0.237857,-0.247310,-0.078242,-0.025136,0.076960,-0.089283
32.384579,781,-0.049666,0.148825,0.014333,-0.058690,0.100018,-0.053597
32.417918,782,0.161610,-0.622186,-0.137414,-0.018115,0.094169,-0.075191
32.451342,783,-0.173572,0.001414,0.335889,0.009150,0.013340,-0.089595
32.495661,784,0.483273,0.320927,0.004292,-0.051146,-0.018376,-0.217084
32.529270,785,0.908845,-0.174184,-0.064931,-0.030349,-0.067900,-0.403122
32.573895,786,0.964931,-0.104648,0.028727,0.019090,-0.173785,-0.828835
32.617910,787,0.933495,-0.671952,-0.058813,0.012502,-0.320694,-1.383900
32.651418,788,0.797982,-0.282944,-0.182130,0.146715,-0.413704,-1.667192
32.684912,789,0.406702,0.387799,-0.168881,0.113398,-0.346316,-1.716375
32.729123,790,0.639383,-0.174657,-0.263544,0.180823,-0.249588,-1.730384
32.773764,791,0.981794,0.768062,-0.409839,0.026715,0.027534,-1.597869
32.807405,792,0.489313,-1.100075,-0.576776,0.092709,0.187343,-1.651766
32.851354,793,-0.046014,0.571797,0.026770,0.022346,0.210568,-1.593016
32.884813,794,-0.108025,-1.078394,-0.405897,0.013748,0.232846,-1.593625
32.929125,795,-0.559581,-0.874756,0.054409,0.109321,0.038300,-1.669859
32.973756,796,0.091554,-0.468270,-0.151504,0.128529,-0.001060,-1.681651
33.018551,797,-0.128844,-0.310664,0.203023,0.178804,-0.051574,-1.742242
33.062342,798,0.621860,-0.224966,-0.708207,0.078168,0.122408,-1.731183
33.095947,799,-0.864431,-0.869654,-0.185721,0.118658,0.156404,-1.837132
33.205279,800,0.130636,0.121364,-0.117479,0.102786,0.173127,-1.849566
33.240986,801,-0.846290,-1.226026,-0.584161,0.044476,0.195605,-1.994573
33.284756,802,-0.519868,0.022113,0.273194,0.005044,0.250043,-1.878353
33.329205,803,-0.164871,-0.676214,-0.570835,0.022384,0.258732,-1.949746
33.362573,804,0.321779,0.155764,-0.172459,0.010705,0.417601,-1.947733
33.407068,805,-0.833791,0.035302,0.433401,-0.110251,0.286725,-1.931526
33.451335,806,-0.177019,0.398464,-0.033093,0.008050,0.272821,-1.795087
33.497664,807,-0.077656,1.274544,0.730754,-0.173668,0.201256,-1.450868
33.540824,808,-0.870985,0.779347,0.626044,-0.148392,0.070938,-1.140105
33.584709,809,-0.588666,0.968427,0.711357,-0.076831,-0.009346,-0.714747
33.618482,810,-0.088792,0.332353,0.211870,-0.044069,-0.054985,-0.506467
33.662335,811,-0.956411,-0.522959,0.125504,0.036835,0.039163,-0.330054
33.695798,812,-0.800146,-0.261962,0.147983,0.107524,0.039412,-0.339979
33.729256,813,0.203573,0.506761,0.050555,0.134358,0.091031,-0.324113
33.773646,814,-0.037240,0.901342,0.295541,-0.045258,0.038699,-0.214438
33.818336,815,-0.830236,0.443230,0.102021,0.018444,0.055088,-0.081793
33.862128,816,0.067735,0.639025,0.139560,-0.044450,0.041516,0.085353
33.895846,817,-0.357792,0.469074,0.241096,-0.068770,0.027256,0.201398
33.940240,818,0.069868,0.237653,0.008123,-0.129538,0.009423,0.307692
33.974069,819,0.407283,0.524974,-0.426273,-0.190141,0.089385,0.513200
34.018451,820,-0.305902,0.004646,-0.795954,-0.239044,0.354100,0.698378
34.062122,821,-0.630123,0.655243,0.267228,-0.292493,0.462399,0.831231
34.095514,822,-1.004869,0.585841,0.518831,-0.294058,0.415248,0.838584
34.129019,823,-0.965676,0.574965,1.168499,-0.305466,0.255967,0.817414
34.205317,824,-0.127968,0.075342,0.162893,-0.310793,0.175794,0.815487
34.240610,825,-2.201873,0.961657,1.714472,-0.202022,-0.273029,1.047163
34.284503,826,-0.338918,0.570241,0.475595,-0.194713,-0.345748,1.241733
34.317956,827,-0.493999,0.208056,0.198669,-0.206653,-0.379671,1.431486
34.351318,828,-0.300231,-0.156737,0.210160,-0.188428,-0.369564,1.560518
34.384718,829,-0.506956,-0.055413,0.222553,-0.164703,-0.368501,1.691625
34.419002,830,-0.599653,-0.334056,-0.026390,-0.134239,-0.358949,1.760930
34.462497,831,0.469767,0.321815,-0.841207,-0.198929,-0.181604,1.770660
34.507064,832,0.024278,0.218506,-0.108383,-0.356119,0.064367,1.879713
34.540781,833,-0.709553,-0.217043,0.189177,-0.369233,0.085294,2.163875
34.584637,834,-1.024817,-0.354969,0.134122,-0.317967,0.145190,2.440627
34.618710,835,-1.160255,-1.094256,0.693894,-0.279496,0.045265,2.661449
34.662351,836,-0.921642,-0.755953,0.211182,-0.294485,-0.172927,2.718435
34.695768,837,0.077519,-0.927553,-0.237088,-0.357520,-0.250149,2.607967
34.740752,838,1.229278,-1.285636,-0.710662,-0.432106,-0.525577,1.903118
34.784810,839,1.908065,-0.726202,-0.878474,-0.387076,-0.706871,1.010862
34.818612,840,2.162410,-0.538228,-0.748163,-0.280660,-0.734412,0.443828
34.862527,841,2.261509,-0.517344,-0.709232,-0.121536,-0.698992,-0.178303
34.896053,842,1.943554,-0.403818,-0.627526,0.011859,-0.530814,-0.563568
34.940622,843,0.622433,-0.198139,0.026440,0.143566,-0.463736,-0.797979
34.984680,844,0.805228,-0.036507,-0.110917,0.126945,-0.388723,-0.923598
35.018058,845,0.684125,0.745338,-0.046821,0.131831,-0.305765,-0.925513
35.063045,846,0.508364,1.124358,-0.144901,-0.082348,-0.089604,-0.682544
35.107309,847,0.139621,-0.435616,-0.443466,-0.009331,0.134156,-0.499972
35.140667,848,-0.075455,-0.029314,0.059571,0.004148,0.188484,-0.457582
35.215198,849,0.022555,-0.010302,-0.020627,0.003853,0.200069,-0.462421
35.251200,850,-0.833716,-0.298286,0.308224,0.023708,0.198232,-0.356718
35.284607,851,-0.384663,0.123510,0.293711,0.046855,0.134230,-0.310674
35.317971,852,-0.320436,0.301334,0.251265,0.021943,0.100476,-0.222073
35.351411,853,-0.333772,-0.286518,0.002895,0.030360,0.078482,-0.165336
35.384761,854,-0.213686,-0.144633,0.064481,0.069058,0.047833,-0.128995
35.418747,855,-0.075772,0.442074,0.118809,0.029254,0.028414,-0.112750
35.462423,856,-0.094207,-0.122528,-0.075017,0.008116,0.021200,-0.120484
35.495783,857,-0.036972,-0.089401,-0.137163,0.029009,0.007108,-0.119518
35.540346,858,-0.082432,0.111730,0.001196,0.021744,0.004733,-0.123896
35.573782,859,-0.173793,-0.106998,0.061118,0.019531,-0.005133,-0.131405
35.617982,860,-0.150587,0.105882,0.040580,0.027705,-0.039633,-0.070078
35.651318,861,0.002590,0.256829,-0.015533,-0.011362,-0.036849,-0.051488
35.695767,862,0.058972,0.064258,0.017264,-0.032947,-0.022145,-0.038438
35.740621,863,0.091577,-0.060288,-0.029921,-0.038119,0.008503,-0.007639
35.784764,864,0.057561,-0.114239,-0.000035,0.007854,0.038573,-0.005116
35.818738,865,-0.019039,-0.084464,0.116583,0.020602,0.039228,0.010563
35.862575,866,-0.019850,0.155955,0.174870,0.025007,0.030782,-0.014892
35.896053,867,-0.061890,0.215644,0.142501,-0.027747,0.022670,-0.001299
35.940690,868,-0.089522,-0.113163,-0.035771,-0.026539,0.005138,-0.018309
35.974086,869,-0.027600,0.002497,0.131348,-0.032073,-0.007157,0.026643
36.018478,870,-0.195629,-0.355677,-0.110160,0.000414,-0.018221,0.015707
36.062426,871,-0.563997,0.027257,0.173783,0.057238,-0.063727,0.068391
36.095944,872,-0.318929,0.064000,0.133340,0.070049,-0.136854,0.141194
36.141154,873,-0.353036,-0.006537,0.219806,0.052471,-0.235791,0.179311
36.215876,874,-0.081420,-0.005982,0.043339,0.048077,-0.266551,0.170900
36.251269,875,-1.906023,-0.157862,0.424652,0.071512,-0.568854,0.346971
36.284673,876,-1.050325,-0.366758,-0.231709,0.088527,-0.769622,0.449870
36.318024,877,-0.319307,0.113795,-0.376598,0.145374,-0.898420,0.441737
36.362446,878,-1.394647,0.491734,0.418017,0.047823,-1.092576,0.524286
36.407009,879,0.158900,-0.559583,-0.813481,0.063217,-1.278639,0.504714
36.440623,880,1.090013,0.440473,-0.244211,0.051998,-1.164379,0.471015
36.484678,881,0.856651,0.247183,-0.292718,-0.012438,-0.962622,0.469819
36.518022,882,1.338372,-0.160747,-0.443028,0.020863,-0.753929,0.378648
36.562498,883,0.572984,0.180944,0.396337,-0.011892,-0.562094,0.307870
36.607053,884,2.147282,-0.318298,0.340228,0.029412,-0.221928,0.221522
36.640596,885,3.009939,-0.742285,-0.106260,0.147107,0.227004,0.097902
36.684771,886,1.421278,0.178257,0.060782,0.275978,0.797341,-0.082034
36.718117,887,-0.903931,0.548088,0.365624,0.183966,0.813751,-0.131253
36.762504,888,0.084585,-0.344852,-0.457703,0.184013,0.682338,-0.340754
36.795890,889,-1.595793,0.302909,0.432495,0.136842,0.507979,-0.360553
36.829819,890,-1.173277,-0.522639,-0.026956,0.126335,0.233133,-0.298400
36.873787,891,-0.956808,-0.427693,-0.084053,0.161633,-0.039365,-0.227136
36.918065,892,-0.056194,-0.393621,-0.364800,0.215053,-0.190358,-0.181432
36.951494,893,0.694067,0.622982,-0.593796,0.221754,-0.120092,-0.233721
36.995927,894,0.525330,0.449609,-0.670324,0.171709,0.094938,-0.226773
37.030358,895,0.361370,0.672898,-0.490090,0.118312,0.211686,-0.155705
37.073706,896,0.047422,0.899962,-0.156550,-0.031901,0.333794,-0.150900
37.107243,897,-0.204632,-0.210761,-0.411616,-0.124412,0.357753,-0.165158
37.140839,898,-0.134071,-0.029275,0.001149,-0.127062,0.359063,-0.160328
37.227619,899,-0.043812,0.107903,0.119823,-0.124642,0.350298,-0.115988
37.262338,900,-0.075746,-0.682469,-0.294272,-0.088310,0.373983,-0.204183
37.295838,901,-0.139846,0.640679,0.465398,-0.088320,0.399718,-0.175480
37.329230,902,-0.367036,-0.233272,0.066394,-0.111622,0.387290,-0.084586
37.373516,903,-0.797471,0.360701,0.622261,-0.094733,0.314820,-0.024481
37.406953,904,-4.136188,0.945894,2.582677,-0.331123,-0.090584,0.043014
37.451072,905,-2.081234,-1.932082,0.001046,-0.245087,-0.972451,0.134173
37.484439,906,0.915620,-0.810935,-0.579114,-0.038183,-1.091513,0.336224
37.517853,907,1.560433,-0.112083,-0.376218,0.148696,-0.880910,0.383914
37.551297,908,2.139459,0.951126,-0.151747,0.125388,-0.452654,0.300886
37.584779,909,1.479711,0.136934,-0.045177,0.115145,-0.060976,0.289406
37.629887,910,0.819162,0.207530,-0.014966,0.117867,0.266310,0.230927
37.673709,911,0.249471,-0.127711,-0.098864,0.055249,0.379620,0.025749
37.707229,912,-0.111778,0.277218,0.294281,0.059768,0.371589,-0.009608
37.740815,913,-0.137562,-0.077559,0.190136,0.033365,0.318295,-0.029659
37.784549,914,-0.163972,-0.378463,-0.001700,0.040488,0.223136,-0.084861
37.818619,915,-0.034255,-0.339782,-0.027790,0.088026,0.160010,-0.110126
37.862443,916,-0.032062,-0.119691,-0.012688,0.131680,0.107705,-0.120846
37.895882,917,0.099792,-0.427077,-0.666923,0.178696,0.094813,-0.139321
37.940903,918,-0.035972,0.804824,-0.163318,0.187670,0.097843,-0.121051
37.984663,919,-0.142442,0.833456,0.617463,-0.047876,0.101184,-0.118900
38.019231,920,-0.108166,-0.610751,0.157150,-0.088555,0.087858,-0.081923
38.062324,921,-0.081534,-1.213851,-0.457745,0.066208,0.053139,-0.046129
38.095922,922,-0.079847,0.439203,0.107147,0.183989,0.028570,-0.032877
38.140635,923,-0.157860,0.748567,0.452849,0.097552,-0.028920,-0.028578
38.242889,924,0.012449,0.010274,0.013169,0.003931,-0.046861,-0.004698
38.284228,925,0.185939,-0.153864,-0.442424,0.054554,0.039539,-0.018959
38.317668,926,-0.038018,0.140117,-0.029016,0.026746,0.046996,-0.006842
38.351297,927,-0.037280,0.204403,-0.005157,-0.002682,0.045278,0.014973
38.395581,928,0.071486,0.361838,0.210304,-0.063002,0.042361,0.038830
38.428963,929,0.098603,0.338875,0.159714,-0.125586,0.045835,0.129607
38.462310,930,0.311601,-0.068845,-0.284995,-0.151337,0.088967,0.197409
38.495893,931,0.397307,-0.199684,-0.034325,-0.119948,0.157556,0.116038
38.529265,932,0.387591,-0.376369,-0.077877,-0.105446,0.216089,0.031361
38.573813,933,0.335219,-0.411631,0.107776,-0.011714,0.268177,-0.089403
38.607180,934,0.216998,-0.362520,0.355729,0.021431,0.291203,-0.133102
38.640773,935,0.148579,-0.900659,0.138861,0.136091,0.296008,-0.179940
38.684814,936,0.106272,-1.278563,0.549488,0.335682,0.277101,-0.250004
38.729330,937,0.099496,-2.271400,-0.313607,0.654490,0.253377,-0.315303
38.773899,938,0.037515,-2.104080,-0.026185,1.203308,0.213211,-0.358638
38.807242,939,0.000495,-1.355055,0.605207,1.431067,0.196677,-0.353988
38.840635,940,-0.257351,-0.733690,-1.870172,1.658634,0.187323,-0.347127
38.884804,941,-0.307478,5.162209,0.984282,1.384535,0.209823,-0.162891
38.918299,942,-0.279325,1.271260,-0.203829,0.923338,0.233955,-0.134722
38.962569,943,0.091732,-0.152644,-0.072780,0.619697,0.204553,-0.201545
39.007318,944,0.348994,-1.696540,-0.481978,0.772099,0.196954,-0.367210
39.040966,945,0.210703,-1.708052,0.132629,0.947568,0.204437,-0.428190
39.084898,946,-0.046396,0.248724,-0.073463,1.095015,0.253854,-0.340093
39.118325,947,-0.164314,0.486085,0.231432,1.075766,0.323621,-0.197648
39.162566,948,-0.337109,0.674949,-1.235252,1.057534,0.356515,-0.075752
39.238093,949,-0.068285,0.183049,-0.214534,1.105660,0.367302,-0.046654
39.273586,950,-0.989080,3.433109,3.180364,0.309025,0.154428,-0.098644
39.307591,951,-1.174378,0.087266,0.146232,0.263216,-0.040904,-0.027610
39.351487,952,-1.471587,0.036309,1.194875,0.153966,-0.383444,0.074620
39.396417,953,-0.108285,0.398281,0.443142,-0.010658,-0.649236,0.130590
39.441712,954,-0.019281,-0.367828,-0.746903,0.008920,-0.602162,0.170137
39.484650,955,0.764258,-0.029098,0.290111,0.026318,-0.488647,0.159438
39.518103,956,0.647569,-1.132998,-0.587720,0.026096,-0.345179,0.099650
39.551479,957,0.516309,-0.527171,-1.543552,0.224690,-0.235902,0.085946
39.584846,958,0.585564,0.044139,-1.171603,0.504155,-0.113916,0.008668
39.629309,959,1.150795,1.101763,1.640049,0.389765,0.048174,-0.075402
39.673851,960,0.416176,0.199775,-0.660345,0.179412,0.175281,-0.076048
39.707836,961,0.376811,0.497487,0.124696,0.208465,0.226415,-0.152829
39.751820,962,0.099886,0.287596,0.675562,0.037719,0.256388,-0.275399
39.796775,963,-0.594182,-0.294232,-0.004738,-0.011119,0.130653,-0.283834
39.840718,964,-0.444707,-0.203915,-0.988783,0.122843,0.086179,-0.277732
39.884549,965,-0.189150,0.313157,0.405131,0.212862,0.043459,-0.173579
39.917968,966,0.187300,0.289748,1.043443,0.139201,0.038001,-0.130169
39.951327,967,0.173808,-0.137582,0.913212,0.037455,0.053025,-0.076849
39.985178,968,-0.286621,-0.602966,-0.860948,0.036469,0.053026,-0.038996
40.029122,969,-0.046137,-0.185078,-0.619351,0.207575,0.066355,-0.043379
40.062472,970,0.192967,0.220200,0.112200,0.200351,0.077830,-0.097002
40.095983,971,0.189891,0.342123,0.305177,0.160513,0.104872,-0.155552
40.129417,972,0.118464,0.074848,0.211050,0.121064,0.106870,-0.157938
40.173778,973,0.117064,0.028062,-0.341785,0.090639,0.155161,-0.149380
40.249342,974,-0.007289,-0.000557,-0.069088,0.104158,0.171140,-0.143643
40.284961,975,0.407202,0.254704,-0.481295,0.049915,0.257293,-0.074757
40.329193,976,0.288037,0.058755,-0.284364,0.116958,0.273440,-0.122899
40.373749,977,-0.096042,0.170672,-0.345310,0.133603,0.297606,-0.151636
40.407172,978,0.263036,0.188835,0.322806,0.092884,0.296054,-0.115287
40.440866,979,0.040682,0.054941,-0.104994,0.060990,0.300836,-0.129290
40.484737,980,-0.090866,-0.001303,-0.401300,0.007052,0.297229,-0.086057
40.518087,981,0.117030,0.023571,-0.692317,0.040301,0.306163,-0.092882
40.551528,982,-0.095508,-0.005286,-0.527141,0.048701,0.303789,-0.141363
40.595749,983,0.129863,0.256645,0.713383,0.054613,0.296987,-0.116753
40.629240,984,-0.393316,-0.152662,-0.546115,-0.056164,0.260524,-0.167985
40.673844,985,-0.396489,-0.155319,-0.436731,0.055385,0.184168,-0.131396
40.707363,986,0.070391,0.087035,0.340540,0.013580,0.149427,-0.179205
40.741306,987,-0.309797,-0.220582,0.116360,-0.005349,0.118946,-0.193541
40.785323,988,-0.297198,-0.183689,0.045127,0.020187,0.055163,-0.170035
40.829227,989,0.036199,-0.045501,0.268042,0.058888,0.014816,-0.087427
40.873803,990,0.025208,-0.042735,-0.129942,0.064780,0.003919,-0.144640
40.907147,991,0.274401,0.240891,0.481431,0.056634,0.031314,-0.129629
40.941424,992,-0.082091,-0.100102,-0.171766,0.030691,0.053852,-0.152422
40.986567,993,0.227353,-0.050549,0.244130,0.045193,0.072615,-0.149639
41.029400,994,0.031430,0.003138,-0.388371,0.038524,0.103543,-0.137899
41.073870,995,0.024493,0.157663,0.067277,0.079003,0.122440,-0.132840
41.107848,996,0.127593,0.119389,0.234933,0.009894,0.108535,-0.127392
41.141576,997,-0.115301,-0.020836,-0.255534,0.001209,0.085100,-0.128458
41.184781,998,0.423313,0.107213,-0.092828,-0.015627,0.074614,-0.119316
41.260974,999,0.019425,-0.025610,-0.062226,-0.019114,0.081006,-0.132176
41.295980,1000,0.864943,-0.202915,-0.094437,-0.017069,0.102143,-0.227474
41.341355,1001,0.137815,-0.279654,-0.169545,0.036113,0.080726,-0.206272
41.385308,1002,0.045836,-0.322327,-0.186619,0.076076,0.053161,-0.224800
41.429249,1003,-0.107633,-0.273235,-0.243316,0.153624,0.016587,-0.229909
41.462613,1004,-0.098852,-0.145958,0.154336,0.213625,-0.018602,-0.194079
41.496055,1005,0.004035,-0.003170,0.256978,0.223222,-0.060315,-0.135103
41.541266,1006,0.084759,0.360665,0.463266,0.158194,-0.117262,-0.104304
41.585483,1007,0.025274,0.260560,-0.021442,0.064882,-0.162171,-0.101971
41.629322,1008,0.291303,0.192516,0.224499,-0.000778,-0.181839,-0.133565
41.662710,1009,0.013312,-0.017670,-0.008661,-0.064684,-0.176640,-0.171082
41.696115,1010,0.449732,0.090158,-0.208719,-0.075638,-0.161317,-0.182667
41.741080,1011,0.171570,-0.027485,-0.907900,0.004855,-0.007774,-0.156668
41.784683,1012,-0.029189,0.043174,-0.111306,0.111368,0.089652,-0.190803
41.818125,1013,0.099380,0.122408,0.675556,0.094092,0.134393,-0.251124
41.851585,1014,-0.482759,-0.042636,0.476326,0.038614,0.145155,-0.263787
41.895976,1015,-0.642536,-0.108396,0.591112,-0.001357,0.138762,-0.255353
41.941020,1016,-1.057883,-0.251392,-0.062326,-0.068533,0.151579,-0.213664
41.985426,1017,-1.677536,-0.065715,-0.352388,0.122623,0.153977,-0.119355
42.029376,1018,-0.846373,0.589187,0.520784,0.146605,0.150616,0.036661
42.073914,1019,-0.838871,0.570536,0.339850,0.025554,0.163546,0.085930
42.107730,1020,-0.697202,0.453274,0.505859,-0.094884,0.181524,0.003049
42.141505,1021,-0.731632,-0.011086,0.177472,-0.219955,0.221252,-0.097909
42.185392,1022,-0.883788,0.108980,-0.026320,-0.078239,0.282351,-0.173838
42.271875,1023,0.089373,0.032435,0.349860,-0.061820,0.308573,-0.097006
42.307726,1024,0.882539,-1.633742,0.316030,-0.116964,0.278448,0.155798
42.341238,1025,0.287828,-0.181717,-0.648363,0.090386,0.198132,0.265908
42.385420,1026,0.843127,0.605135,-0.704706,0.181908,0.174887,0.196115
42.429326,1027,0.534255,0.787461,-0.319444,0.149273,0.192621,0.085401
42.462745,1028,0.939379,0.766055,0.486895,-0.009087,0.195760,0.018116
42.496226,1029,0.555930,0.321250,0.185236,-0.196951,0.189757,0.056533
42.541193,1030,0.221910,-0.151724,-0.136438,-0.269536,0.142920,0.174660
42.585591,1031,0.406950,-0.425159,0.016426,-0.271365,0.037559,0.249419
42.629411,1032,0.336506,-0.389154,-0.499870,-0.228854,-0.059490,0.323465
42.673953,1033,0.514368,-0.131536,-0.243266,-0.154042,-0.132559,0.330788
42.707655,1034,0.860667,0.024196,0.191282,-0.173795,-0.175336,0.324806
42.741079,1035,0.809732,-0.119270,0.141331,-0.214507,-0.219910,0.377380
42.785431,1036,0.843391,-0.159001,0.113125,-0.254362,-0.285878,0.471499
42.829416,1037,0.938023,-0.472643,-0.041739,-0.246055,-0.380090,0.542697
42.873992,1038,1.074418,-0.416542,-0.230799,-0.236736,-0.482793,0.610258
42.907519,1039,1.074695,-0.570376,-0.409598,-0.226473,-0.555920,0.631312
42.941813,1040,1.204089,-0.509397,-0.706374,-0.192396,-0.630598,0.675380
42.985432,1041,1.301353,-0.414585,-0.694737,-0.177738,-0.695689,0.704674
43.029299,1042,1.352771,-0.334033,-0.730052,-0.174665,-0.752968,0.751226
43.074056,1043,1.237376,-0.108602,-0.959809,-0.204505,-0.793146,0.773403
43.107789,1044,0.973958,-0.095728,-0.882328,-0.174412,-0.821009,0.805204
43.151879,1045,0.929365,0.303459,-0.246897,-0.203866,-0.816578,0.889103
43.185521,1046,0.645282,0.203315,-0.724125,-0.198131,-0.745001,0.804801
43.269730,1047,0.181206,0.202476,0.046615,-0.225053,-0.621696,0.758340
43.307514,1048,-2.118611,1.298280,-2.021212,0.356358,-0.132112,0.200796
43.340916,1049,-2.161193,0.844741,0.633411,0.448299,-0.066230,0.100573
43.385500,1050,-2.125195,0.911398,1.722334,0.276812,-0.140030,0.305400
43.429397,1051,-1.995838,-0.198447,1.243195,0.031225,-0.304622,0.522559
43.474022,1052,-1.163999,-0.405995,0.358589,-0.214696,-0.370220,0.518538
43.507462,1053,-1.122062,-1.124726,-1.391631,-0.167264,-0.342932,0.339477
43.540953,1054,-1.025253,-0.478157,-0.478244,0.036733,-0.327750,0.244508
43.586446,1055,-0.585947,0.373324,0.982641,0.056061,-0.209544,0.148685
43.629323,1056,-0.564448,0.128759,-0.277676,0.099749,-0.092008,0.131579
43.674151,1057,-0.314749,0.430722,1.715525,0.076497,0.020236,0.116776
43.718219,1058,-0.460084,-0.548097,0.719580,-0.021565,0.071071,0.200677
43.762501,1059,-0.316917,-0.979958,0.054541,0.134227,0.003573,0.171915
43.795899,1060,-0.060923,-0.732479,0.264390,0.209785,-0.049011,0.068285
43.830145,1061,-0.104353,-0.643097,-0.059813,0.306734,-0.086328,-0.032411
43.873725,1062,0.043597,-0.434790,0.068036,0.365157,-0.086436,-0.191940
43.907080,1063,0.070780,-0.012190,-0.177047,0.391852,-0.041937,-0.296134
43.940417,1064,0.059738,0.177626,-0.033496,0.391425,0.009719,-0.317451
43.973961,1065,0.063314,-0.053858,-0.151056,0.347902,0.073749,-0.379391
44.007544,1066,-0.098176,-0.047881,-0.409641,0.281948,0.138113,-0.430524
44.051343,1067,-0.240641,0.054286,-1.542180,0.274056,0.185920,-0.470570
44.084713,1068,-0.242211,0.657524,-1.399242,0.374411,0.200970,-0.523213
44.118326,1069,0.158121,1.502354,0.408686,0.452544,0.242483,-0.636142
44.162522,1070,0.971405,1.568338,2.456706,0.122787,0.386619,-0.845116
44.207241,1071,0.870575,-0.156675,-0.236902,-0.140760,0.516048,-0.872189
44.278583,1072,0.199070,-0.085461,-0.040198,-0.141824,0.531372,-0.870580
44.318128,1073,4.379039,-1.300766,-5.413860,0.079755,0.953542,-0.948413
44.351554,1074,0.787421,0.529398,-1.874818,0.418149,0.949267,-1.042262
44.385283,1075,0.805228,1.024887,-0.115203,0.506210,0.881841,-1.136164
44.429308,1076,0.283233,0.789799,0.399600,0.292215,0.705584,-1.298268
44.473939,1077,0.278608,0.681174,0.399466,0.046607,0.530226,-1.370242
44.507585,1078,0.182958,0.174085,0.508043,-0.096511,0.477484,-1.311413
44.540994,1079,0.193061,-0.667055,0.290086,-0.118893,0.439927,-1.287592
44.585328,1080,-0.340289,-1.305359,-0.678974,-0.164344,0.351269,-1.280923
44.629308,1081,-1.755739,-1.260398,-1.983270,0.056501,0.279719,-1.395394
44.673725,1082,-0.562941,0.128754,0.826700,0.163824,0.288022,-1.582644
44.707201,1083,-0.786826,0.595461,1.204678,0.206058,0.323999,-1.583103
44.741409,1084,-2.114455,0.600215,0.381831,0.321506,0.365546,-1.529983
44.785196,1085,-0.675479,1.381445,1.962382,0.393803,0.413075,-1.279554
44.829069,1086,0.012064,0.456377,2.191404,0.160398,0.411859,-1.164194
44.873889,1087,-1.004280,-0.797070,1.173734,-0.176182,0.351529,-1.175111
44.907986,1088,-2.233126,-1.320893,0.134568,-0.134338,0.305688,-1.237837
44.951652,1089,-1.471482,0.025094,0.466809,0.267890,0.314424,-1.339875
44.996806,1090,0.612799,0.955882,0.786539,0.315033,0.382882,-1.150501
45.040864,1091,0.485168,0.810021,0.071732,0.104914,0.437224,-0.817696
45.084860,1092,-0.355934,-0.087785,-0.625206,0.007283,0.419473,-0.734742
45.129199,1093,-0.415294,-0.634982,-0.749188,-0.127724,0.418932,-0.795570
45.174333,1094,-1.236233,-0.547015,-0.418036,-0.083077,0.377765,-0.754034
45.278835,1095,-0.285006,0.114758,-0.064655,0.017590,0.307591,-0.563484
45.318179,1096,0.298842,2.047047,0.345922,-0.338450,0.124479,-0.511704
45.352006,1097,-0.739419,-0.069351,-0.031466,-0.446154,0.105750,-0.514789
45.396578,1098,-0.758536,-0.374585,0.100262,-0.311136,0.110723,-0.490630
45.441169,1099,-0.106872,-0.174580,0.150686,-0.212076,0.147323,-0.430499
45.484570,1100,0.101393,-0.289789,0.215852,-0.211350,0.169455,-0.369588
45.518173,1101,0.162797,-0.402890,0.089257,-0.237068,0.152112,-0.324748
45.551555,1102,0.040152,-0.305596,-0.015007,-0.284302,0.137609,-0.370045
45.585352,1103,-0.282755,-0.145587,0.040169,-0.149909,0.133782,-0.354577
45.629265,1104,1.197480,0.127573,-0.000029,-0.026984,0.088429,-0.307528
45.673907,1105,1.071885,0.211289,-0.166459,-0.149722,0.065681,-0.275200
45.707589,1106,0.538321,-0.288488,-0.202607,-0.050086,0.052377,-0.310072
45.741414,1107,2.282773,-0.328717,-0.342544,-0.139805,0.041556,-0.305540
45.784737,1108,-0.170762,-1.675594,-0.488349,-0.228874,0.040767,-0.289505
45.818279,1109,-1.599374,-1.501543,-0.362789,0.042257,0.052263,-0.348026
45.862442,1110,-0.084557,-0.202274,-0.134023,0.329194,0.088469,-0.330309
45.895965,1111,0.036241,0.308352,0.104590,0.380726,0.086338,-0.287444
45.940729,1112,0.166997,0.933309,0.025426,0.310720,0.103416,-0.314835
45.974426,1113,0.695170,1.339542,0.196793,0.195139,0.129990,-0.290236
46.018175,1114,0.637033,0.798753,0.235027,-0.075061,0.126394,-0.242994
46.062614,1115,-0.420078,-0.193271,0.445229,-0.133993,0.088043,-0.186958
46.096020,1116,0.410025,-0.081633,0.288713,-0.120300,0.022784,-0.132695
46.129438,1117,0.349165,-0.249996,0.094538,-0.151621,-0.037937,-0.068460
46.174199,1118,0.307232,-0.371829,0.105225,-0.107893,-0.126910,-0.050680
46.282237,1119,0.065341,-0.095742,-0.072264,-0.120786,-0.202620,-0.040209
46.318450,1120,0.078136,0.191239,-0.790666,-0.048155,-0.171762,-0.038780
46.362695,1121,-0.415869,0.169422,-0.119636,-0.017251,-0.148326,-0.062567
46.396058,1122,0.267041,0.407897,-0.109173,-0.084397,-0.144853,-0.065290
46.440889,1123,0.009514,0.033508,0.185308,-0.127211,-0.177632,-0.033065
46.474314,1124,0.280583,-0.403975,0.074959,-0.191937,-0.239173,0.002933
46.507685,1125,-1.085017,-0.726103,-0.095188,-0.206950,-0.268589,-0.014740
46.541020,1126,-1.464390,-0.470718,0.138389,-0.109011,-0.254273,-0.031073
46.574510,1127,-0.722070,0.385152,-0.276578,-0.025223,-0.228086,-0.003747
46.618223,1128,0.008038,1.011537,-0.416159,-0.099815,-0.123262,0.038828
46.651611,1129,0.065364,0.725501,-0.237737,-0.296391,-0.029263,0.059306
46.696069,1130,-0.555295,0.293612,-0.159639,-0.433199,0.093798,0.110818
46.729430,1131,-0.493965,-0.016904,-0.276360,-0.360618,0.167171,0.103339
46.774378,1132,-0.245317,0.313365,-0.430382,-0.304375,0.271081,0.010747
46.818328,1133,-0.022979,0.842282,-0.603758,-0.411808,0.438996,-0.007362
46.851761,1134,-0.390279,0.844313,-0.388850,-0.455304,0.616665,0.038238
46.896155,1135,0.206647,1.791144,-0.804398,-0.452541,0.918224,-0.064131
46.941899,1136,1.149302,1.245232,0.325537,-0.762734,1.164922,0.063545
46.985477,1137,0.480631,-0.294794,1.279319,-0.936495,1.187272,0.182727
47.029113,1138,0.071788,-0.343843,2.551299,-0.859617,0.979369,0.505831
47.062710,1139,0.035726,-0.260246,1.575377,-0.818097,0.737712,0.678504
47.107290,1140,0.332800,1.798201,-0.469958,-0.917721,0.709210,0.339119
47.141701,1141,0.257655,-0.271646,0.473200,-0.971652,0.856683,0.303390
47.185529,1142,1.369789,-3.721108,2.770064,-0.711030,0.758989,0.755357
47.278249,1143,-0.139236,-1.109876,0.271017,-0.330185,0.614385,0.723993
47.318374,1144,0.987887,-1.227034,1.279129,0.144405,1.175310,1.797558
47.351760,1145,-0.402730,-0.883837,0.386701,0.357173,1.410103,1.961211
47.396204,1146,0.285530,0.698981,0.178659,0.457263,1.263500,1.657408
47.429614,1147,0.377754,-0.236885,0.657010,0.322530,1.126780,1.188837
47.474185,1148,0.556360,-0.561396,0.658295,0.223473,0.817601,0.717250
47.507745,1149,0.545764,-1.112584,0.847969,0.160421,0.511172,0.490840
47.551611,1150,0.316952,0.113883,0.421993,0.123526,0.187789,0.292783
47.585045,1151,-0.470874,-0.742608,0.388012,0.116891,-0.014925,0.207289
47.618450,1152,0.164675,1.162116,0.147728,0.193603,-0.243096,0.101893
47.651852,1153,-0.460789,0.837798,0.005004,-0.010873,-0.284502,0.135545
47.696198,1154,-2.000994,-0.069189,-1.405869,-0.050753,-0.358777,-0.017190
47.729542,1155,-0.026870,-0.332155,-0.493180,-0.025117,-0.376520,-0.063732
47.774915,1156,-0.050382,-1.097147,-0.680957,0.016988,-0.816495,-0.539717
47.818210,1157,-1.006205,-0.924226,-0.938139,0.067470,-1.045541,-0.609203
47.851732,1158,-0.440116,1.267516,-1.109035,0.182511,-0.960585,-0.764877
47.896255,1159,0.075096,-3.345494,0.696397,0.325126,-1.316760,-0.917328
47.942032,1160,0.950162,-0.752071,1.024939,0.363170,-2.145922,-0.999385
47.984976,1161,-0.606724,-0.938530,0.896185,0.357054,-2.489956,-0.902145
48.029156,1162,0.345781,0.981202,0.981201,0.380105,-2.774169,-0.817393
48.062668,1163,-0.315602,1.577638,-0.474023,0.281436,-2.637881,-0.626878
48.096016,1164,-0.939850,0.325543,0.158681,0.339806,-2.499421,-0.517278
48.129529,1165,0.576927,1.440306,-0.288843,0.297406,-2.349972,-0.426690
48.174506,1166,-0.100600,0.872304,-0.953489,0.227013,-2.050565,-0.236929
48.218280,1167,0.490529,1.225757,-1.025759,0.135564,-1.659131,-0.094358
48.297005,1168,0.098298,0.108392,-0.132369,0.103122,-1.560497,-0.040684
48.338536,1169,0.295997,0.130801,-4.040559,0.097854,-0.621589,-0.038512
48.372365,1170,-0.250202,-0.165345,-1.209334,0.137789,-0.359861,-0.125659
48.406113,1171,0.597898,0.288090,-0.499018,0.145900,-0.190510,-0.122788
48.439873,1172,0.172075,0.244246,-0.289762,0.076524,-0.116867,-0.064314
48.484028,1173,-0.255016,-0.066585,-0.309072,0.052712,-0.064841,-0.077802
48.517406,1174,0.244412,0.509950,0.181266,0.063875,-0.095328,0.030474
48.550952,1175,0.084149,0.273916,-0.194255,-0.008019,-0.150238,0.112618
48.596002,1176,-0.511707,-0.032058,-0.018119,0.026892,-0.200914,0.201488
48.639800,1177,0.526706,0.369748,0.221177,0.055099,-0.275514,0.314226
48.673360,1178,-0.267861,-0.041986,0.222268,0.082784,-0.354212,0.441525
48.706879,1179,-0.717773,-0.170372,0.257046,0.109560,-0.415455,0.425778
48.740728,1180,0.148940,0.517175,0.801601,0.103034,-0.470604,0.411043
48.784314,1181,-0.138874,0.094809,0.696317,0.083457,-0.562325,0.548573
48.817732,1182,0.150212,0.210786,0.552259,0.061080,-0.612632,0.626506
48.862070,1183,-0.226241,-0.244766,0.026676,0.072390,-0.596405,0.684896
48.895596,1184,0.018626,0.054471,0.384178,0.102867,-0.570426,0.778153
48.941409,1185,-0.106101,-0.149845,0.049719,0.079560,-0.578536,0.779764
48.984466,1186,-0.321997,-0.178043,0.048810,0.088693,-0.565509,0.744033
49.018154,1187,-0.113442,0.063893,-0.136773,0.058382,-0.553512,0.702101
49.062095,1188,-0.442374,0.217086,0.265013,0.097164,-0.522207,0.647509
49.095614,1189,0.035058,0.346378,0.589514,0.078669,-0.534502,0.637235
49.140495,1190,0.076515,0.480500,0.564985,-0.050420,-0.500377,0.621583
49.174000,1191,-0.897256,-0.187215,0.514429,-0.062248,-0.482810,0.631682
49.217915,1192,-0.578753,0.087046,0.819687,-0.043045,-0.481440,0.616019
49.302581,1193,-0.243772,0.060641,0.255977,-0.050120,-0.507339,0.625851
49.340860,1194,-0.737439,1.618232,3.719237,-0.432257,-0.771025,0.379050
49.384467,1195,-1.875298,-0.882084,-0.270128,-0.404114,-0.971590,0.320542
49.418662,1196,-0.466745,-0.406140,0.178806,-0.220661,-0.939942,0.299553
49.462198,1197,-0.260543,-0.318290,-0.090498,-0.073952,-0.745040,0.357987
49.495657,1198,0.065554,0.096032,0.458240,-0.013935,-0.554380,0.409210
49.529122,1199,-0.029746,-0.127623,0.477064,-0.001699,-0.376503,0.492025
49.562504,1200,-0.146613,-0.091439,0.974498,-0.020258,-0.241069,0.578857
49.595889,1201,-0.551167,-0.516804,0.779878,-0.012315,-0.148524,0.614134
49.629283,1202,-0.620468,-0.459629,1.169482,0.004837,-0.087449,0.601209
49.673828,1203,-0.798153,-0.230172,1.487015,-0.007561,-0.103670,0.583923
49.707405,1204,-1.183354,-0.407403,1.253175,0.035060,-0.158552,0.558081
49.741245,1205,-1.066130,-0.173385,0.880277,0.145758,-0.251617,0.523329
49.784651,1206,-0.773774,0.160827,0.758507,0.272791,-0.381755,0.562585
49.818850,1207,-0.562339,-0.298639,-0.937208,0.382356,-0.460152,0.634625
49.862472,1208,0.619658,0.496665,-0.368714,0.416294,-0.530872,0.830976
49.896074,1209,1.144907,-0.111382,-0.979903,0.288001,-0.606095,0.895166
49.941295,1210,1.222867,-0.658089,-2.075666,0.356218,-0.614482,0.810892
49.984793,1211,1.561459,-0.159332,-2.033155,0.386689,-0.609431,0.508951
50.018421,1212,1.334940,0.303447,-1.857637,0.396861,-0.598365,0.300801
50.062531,1213,1.388261,0.696135,-1.258533,0.352717,-0.569810,0.197922
50.095960,1214,1.316774,0.653651,-0.978914,0.223220,-0.511074,0.264314
50.129375,1215,0.900215,-0.100420,-1.430718,0.167268,-0.439397,0.401948
50.174467,1216,0.677394,-0.341714,-0.964219,0.202857,-0.411779,0.596127
50.207998,1217,0.296352,-0.206240,-0.402825,0.255575,-0.482286,0.767403
50.307251,1218,0.055493,-0.077339,0.026306,0.294207,-0.658063,0.894725
50.341099,1219,-0.057026,0.475193,0.542844,0.365517,-1.194261,0.601415
50.385027,1220,0.634945,-0.107411,0.172438,0.172692,-1.082792,0.343429
50.429131,1221,-0.249261,-0.664287,-0.131068,0.123532,-0.748343,0.239230
50.474350,1222,-1.247475,-0.635295,-0.741514,0.203723,-0.530228,0.190672
50.518206,1223,-1.329455,0.474285,-0.093582,0.276671,-0.343452,0.050737
50.551608,1224,-1.408919,0.886882,0.571930,0.204795,-0.271933,0.147021
50.595726,1225,-0.326572,0.473758,0.387798,0.047802,-0.151790,0.178913
50.629424,1226,-0.003020,-0.308057,-0.230649,-0.016867,0.025301,0.138805
50.674087,1227,-0.133441,-0.322419,0.093075,-0.013826,0.245788,0.107821
50.707612,1228,-0.582440,-0.049804,0.154545,-0.004871,0.357099,0.130941
50.741033,1229,-0.497904,-0.391963,-0.002094,0.013627,0.424733,0.109771
50.784914,1230,-0.487254,-0.149740,0.447336,-0.019562,0.503431,0.019288
50.818336,1231,-0.500169,-0.378308,0.434807,-0.122116,0.559624,-0.123874
50.851698,1232,-0.570797,-0.736398,-0.143659,-0.183241,0.617427,-0.300396
50.896112,1233,-0.482441,-0.272617,0.320235,-0.205426,0.715055,-0.465464
50.929483,1234,-0.122384,0.085570,0.490321,-0.161460,0.816615,-0.583220
50.974164,1235,0.421449,0.500457,1.095101,-0.127730,0.961762,-0.659948
51.008290,1236,0.529926,0.080210,-0.077228,-0.025430,0.952141,-0.394129
51.051542,1237,1.694515,-0.365266,0.832938,0.066707,0.806056,-0.155588
51.085074,1238,1.982499,-0.999217,0.304542,0.000719,0.712857,-0.072774
51.129263,1239,1.821479,-1.206747,-0.614573,0.071195,0.643916,-0.145395
51.162696,1240,1.169887,-1.206899,-1.201920,0.224739,0.628691,-0.226944
51.208118,1241,0.800025,-0.174793,0.621419,0.219896,0.617721,-0.316986
51.317260,1242,0.199206,-0.382390,-0.019586,0.128475,0.612096,-0.226658
51.351922,1243,0.550428,-3.620489,-0.685672,0.170556,0.505017,0.078406
51.395698,1244,0.352230,-1.696471,-0.261388,0.045997,0.368909,0.314957
51.429090,1245,0.169228,-1.524136,-0.487955,0.012557,0.273858,0.348283
51.462450,1246,-0.148676,-1.788896,-0.947734,-0.075412,0.171971,0.294986
51.496072,1247,-0.178400,-1.772140,-2.289217,-0.094965,0.097293,0.140836
51.541205,1248,-0.457705,-0.286048,-1.432551,0.046924,0.055772,-0.079489
51.584830,1249,-0.054575,0.215682,-1.680177,0.031137,0.072573,-0.257636
51.618373,1250,0.322872,0.311990,-1.011211,-0.018674,0.177114,-0.400176
51.662778,1251,-0.282502,1.150902,-0.240886,-0.164059,0.183861,-0.385685
51.696165,1252,-0.239489,0.991659,-0.205274,-0.367271,0.138443,-0.279617
51.741880,1253,-0.457340,0.501267,-1.407391,-0.553759,0.102015,-0.175295
51.784839,1254,-0.613672,0.789389,-1.184686,-0.528507,0.057518,-0.151326
51.818334,1255,0.004527,1.276200,-1.325339,-0.669622,-0.005499,-0.052367
51.851746,1256,-0.758580,0.921500,-3.588316,-0.603387,-0.033716,-0.019411
51.896249,1257,-0.646404,2.403273,-2.817290,-0.464682,-0.133585,0.068733
51.941621,1258,-0.674217,2.953579,-3.870825,-0.364180,-0.209852,0.045713
51.985637,1259,0.502058,5.999388,-0.657077,-0.852737,-0.229201,-0.039551
52.029670,1260,-0.634804,1.714594,-2.624471,-1.289748,-0.126543,-0.055078
52.074095,1261,-0.990719,1.280644,-0.935559,-1.333261,-0.136918,0.102104
52.107828,1262,-0.012408,1.042977,-0.400400,-1.373725,-0.151422,0.158385
52.141403,1263,0.466955,1.942211,0.230629,-1.247469,-0.083113,0.156521
52.185610,1264,0.198942,1.548525,0.445792,-1.150179,-0.009367,0.159839
52.229703,1265,0.038089,-0.413871,0.523917,-1.124823,0.024510,0.204313
52.316229,1266,0.049280,-0.455665,0.207065,-1.106246,0.065643,0.271883
52.351967,1267,0.877494,-4.318280,5.499846,-1.051561,0.108743,0.245806
52.396022,1268,0.667453,-0.715593,2.177917,-1.157536,0.093696,0.204156
52.429549,1269,0.348421,-1.148962,1.833770,-1.101895,0.068673,0.131984
52.462927,1270,0.238013,-0.963916,1.631704,-0.909837,0.045387,0.062280
52.496363,1271,0.215459,-0.574696,1.565144,-0.657124,0.019846,0.003937
52.541967,1272,0.290318,-0.153472,1.428098,-0.508068,0.026334,-0.001905
52.584973,1273,0.401971,0.433954,1.669437,-0.490655,0.008388,0.047484
52.618948,1274,1.184667,0.008889,0.861181,-0.523968,0.053815,0.003108
52.662747,1275,1.095421,-0.704953,0.631781,-0.450796,0.295194,-0.045993
52.696258,1276,0.531386,-0.686884,1.104048,-0.324719,0.376858,-0.091121
52.741072,1277,0.470495,-0.200160,1.070866,-0.203947,0.439135,-0.130974
52.784971,1278,0.094694,0.114128,1.365084,-0.176020,0.451338,-0.173774
52.829975,1279,0.163249,0.231249,1.235919,-0.198793,0.454944,-0.212760
52.874282,1280,0.024768,0.138017,1.250902,-0.165464,0.480676,-0.232544
52.907713,1281,-0.146517,0.425774,1.407508,-0.130751,0.493048,-0.128122
52.941416,1282,-0.207618,-0.134757,1.378631,-0.077477,0.471464,-0.068477
52.984907,1283,-0.184899,-0.120646,1.303817,0.003350,0.435134,-0.060884
53.030016,1284,-0.298948,0.116189,1.159677,0.046871,0.370940,0.003790
53.074045,1285,-0.231123,0.301625,1.165179,0.033776,0.305270,0.016311
53.107614,1286,-0.081982,0.799625,0.956173,-0.073260,0.269739,-0.014434
53.141383,1287,-0.280995,-0.716765,0.703209,-0.168467,0.223521,-0.065032
53.185017,1288,-0.364323,-0.958973,0.106037,-0.076396,0.157248,-0.012848
53.229858,1289,-0.352847,-0.618830,-0.255075,0.121725,0.078600,0.174149
53.327175,1290,-0.056356,-0.151944,-0.249694,0.183803,0.023992,0.226481
53.362993,1291,-0.417649,-0.183298,-2.694529,0.279111,-0.012693,0.072153
53.407414,1292,-0.166504,0.316388,-1.044157,0.172043,0.038416,0.041120
53.441132,1293,-0.364918,-0.121122,-0.828998,0.148088,0.036696,0.050974
53.485068,1294,-0.258773,0.081130,-0.864708,0.113712,0.031780,0.007483
53.518518,1295,-0.200894,0.211763,-0.788916,0.066332,0.038449,0.060950
53.552152,1296,-0.271964,0.574273,-0.715166,0.003593,0.024433,0.122580
53.596077,1297,-0.166627,0.321226,-0.516079,-0.093732,-0.012818,0.128086
53.630092,1298,0.034618,0.351648,-0.350458,-0.142999,-0.031582,0.095382
53.674085,1299,0.188380,0.135191,-0.250621,-0.201443,-0.023604,0.067723
53.708286,1300,0.122313,-0.321136,-0.091599,-0.201020,-0.006317,0.036426
53.751733,1301,0.335034,-0.044600,-0.085849,-0.199434,-0.005419,0.022330
53.795741,1302,0.623885,0.012721,-0.371727,-0.263206,0.080414,-0.003511
53.829806,1303,0.478894,-0.292129,-0.329638,-0.233044,0.156402,-0.028867
53.873941,1304,0.277611,-0.171519,-0.220012,-0.186355,0.211795,-0.047839
